COMPANY_NAME,SERVICE_SECTION,WEBSITE
Nerdy Boy Productions LLC,Lighting Listing,www.nerdyboyproductions.com
"Design Productions, LLC",Lighting Listing,www.DesignProductionsLLC.com
Laser and Lighting Technology,Lighting Listing,www.laserandlighting.com
Muse Productions,Lighting Listing,www.muse-pro.com
Post Panda Promotions,Lighting Listing,www.postpandapromo.com
"Proshow Systems, LLC",Lighting Listing,www.proshowsystems.com
overFlo Productions Inc. ,Lighting Listing,www.overfloproductions.com
"Bluewood Productions, LLC",Lighting Listing,www.bluewoodproductions.com
Ceva Productions,Lighting Listing,www.cevaproductions.com
LED-Orange,Lighting Listing,www.ProjectionMappingUSA.com/
"Sound Source Productions, Inc.",Lighting Listing,www.s2pinc.com
Global Special Effects,Lighting Listing,www.globalspecialeffects.com/
E-Town Productions,Lighting Listing,www.discolarry.com
Axis Sound & Lighting,Lighting Listing,www.axissoundandlighting.com
ICON Live Technologies,Lighting Listing,www.iconlive.net
SRPro LLP,Lighting Listing,www.srproshoals.com
Sweet Tree Productions,Lighting Listing,www.sweettreeproductions.com
Imig Audi Video,Lighting Listing,www.imigav.com
"Alaska Universal Productions, Inc. ",Lighting Listing,www.AUPak.com
"AV Dimensions, Inc.",Lighting Listing,www.avdimensions.com
Peaks Audio Productions,Lighting Listing,www.peaksaudio.com
Davis Entertainment,Lighting Listing,www.davis-e.com
Latest Craze Productions,Lighting Listing,www.latestcrazeproductions.com
Right Stuff Production LLC.,Lighting Listing,www.rightstuffproductionsllc.com/home.html
Arizona Stage Sound and Lights,Lighting Listing,www.ArizonaStage.com
McGrath Events & Audio Visual Services,Lighting Listing,www.mcgrathevents.com
"Az Professional Audio Services, LLC",Lighting Listing,www.azproaudio.com
Clearwing Productions Arizona,Lighting Listing,www.clearwing.com
Creative BackStage LLC,Lighting Listing,www.creativebackstage.com
Davisson Entertainment,Lighting Listing,www.davissonentertainment.com
Elko Wire Rope & Rigging,Lighting Listing,www.elkowirerope.net
Entertainment Production Services / EPS Inc.,Lighting Listing,WWW.EPSONE.COM
"IMT, Inc",Lighting Listing,www.imtincaz.com
J R Russell Systems,Lighting Listing,www.jrrussell.com
"No Jip Lighting, LLC",Lighting Listing,www.nojiplighting.com
On Cue Systems,Lighting Listing,www.oncuesystems.com
Phoenix Light Lab,Lighting Listing,www.phoenixlightlab.com
Pro Production Services,Lighting Listing,www.proproductionservices.com
Right Stuff Productions LLC.,Lighting Listing,www.RightStuffProductionsLLC.com
Video West Inc.,Lighting Listing,www.videowestinc.com
VLI Events,Lighting Listing,www.vlievents.com
Atlantis Audio and Lighting,Lighting Listing,www.atlantisaudio.com
Conference Resources LLC,Lighting Listing,www.ConferenceResourcesAV.com
"Corporate Presentation Network, Inc.",Lighting Listing,www.CorporatePresentation.net
"High End Labor Pool, LLC",Lighting Listing,www.highendlaborpool.com
Living Energy Events and Productions,Lighting Listing,www.livingenergy.com
Merestone,Lighting Listing,www.merestone.com
AV Concepts,Lighting Listing,www.avconcepts.com
Barbizon Light of Arizona,Lighting Listing,www.barbizon.com
Endless Entertainment,Lighting Listing,www.helloendless.com
LightMike Productions,Lighting Listing,www.facebook.com/lightmikeproductions
Lit Lighting LLC ,Local Production and Tour Support,www.Litlighting.net
"Platinum Lighting, Inc.",Lighting Listing,www.platinumlighting.com
Precise Corporate Staging LLC,Lighting Listing,www.pcstaging.com
Rhino Staging Arizona,Lighting Listing,www.rhinonet.com
Secret Agent Productions,Lighting Listing,www.secretagentproductions.com
"Video West, Inc.",Lighting Listing,www.videowestinc.com
Arizona Cine Equipment,Lighting Listing,www.azcine.com
"Audio Visual Productions, Inc.",Lighting Listing,www.goavp.com
Rhino Staging Arizona,Lighting Listing,www.rhinonet.com
Total Lighting Support DBA Performance Systems,Lighting Listing,www.totallightingsupport.com
Solid Rock Audio,Lighting Listing,www.solidrockaudio.com
JTH Productions LLC,Lighting Listing,www.jthproductions.com
"A/V Arkansas, Inc. Hot Springs",Lighting Listing,www.avarkansas.com
"A/V Arkansas, Inc. Little Rock",Lighting Listing,www.avarkansas.com
CWP Productions,Lighting Listing,www.cwpsound.com
Light Services LLC,Lighting Listing,www.lightservices.com
MP Productions,Lighting Listing,www.mpprod.com
Radiant Designs Inc.,Lighting Listing,www.radiantdesigns.us
STAGEWORKS Inc,Lighting Listing,www.stageworks.com
"Leopard Productions, Inc",Lighting Listing,www.leopardproductions.com
"TripleD, LLC",Lighting Listing,www.TribalDigital.com
"JTH Audio, LLC",Lighting Listing,www.jthaudio.com
JTH Productions,Lighting Listing,www.jthproductions.com
BCT Entertainment,Lighting Listing,www.bctentertainment.com
KICK-MIX Productions,Lighting Listing,www.Kick-Mix.com
McCune Audio/Video/Lighting,Lighting Listing,www.mccune.com
MVTPRO INC,Lighting Listing,www.mvtpro.com
Videocam Inc.,Lighting Listing,www.videocam.net
DPH Sound and Lighting,Lighting Listing,www.dphsound.com
M Factor Lighting,Lighting Listing,www.mfactorlighting.com
Akroz Professional,San Diego Event Productions,www.akroz.com
SWP Services,Lighting Listing,www.swpservices.com
Academy Lighting Consultants,Lighting Listing,www.academylighting.com
Bulbtronics,Lighting Listing,www.bulbtronics.com
Chaos Visual Productions,Lighting Listing,www.chaosvisual.com
"European Dynamic Lighting, LLC",Lighting Listing,www.eurodynamiclighting.com
Jack Rubin & Sons INC.,Lighting Listing,www.wirerope.net/jrsent
Lightswitch,Lighting Listing,www.lightswitch.net
"Run, Jump, Fly... Creative & Production Services",Lighting Listing,www.RunJumpFly.com
"Towards 2000, Inc.",Lighting Listing,www.t2k.com
Delicate Productions,Lighting Listing,www.delicate.com
Hugh Stewart Productions,Lighting Listing,www.hsproductions.net
"CYRON, Inc.",Lighting Listing,www.CYRON.com
GBS Garibay Brothers Systems Inc.,Lighting Listing,www.gbsound.com
Studio 33 Productions,Lighting Listing,www.studio33.net
Mendenhall Productions,Lighting Listing,www.mendenhallproductions.com
ETS PRO LIGHTING,Lighting Listing,www.etsprolighting.com
"Personal Creations, Inc.",Lighting Listing,www.personalcreations.net
Lorente Productions,Lighting Listing,WWW.LORENTEPRODUCTIONS.NET
Peterson Lighting Productions,Lighting Listing,www.petersonlighting.com
Pro Sound Stage and Lights,Lighting Listing,www.prosoundstageandlights.com
"Brite Ideas, Inc.",Lighting Listing,www.briteideaslighting.com
BTB Events,Lighting Listing,www.btb-events.com
Gear Connection,Lighting Listing,www.gearconnection.com
Bulldog Event Group,Lighting Listing,www.bulldogeventgroup.com
Media Solutions Inc,Lighting Listing,www.msifresno.com
Stage 2000,Lighting Listing,www.stage-2000.com
Razo Entertainment,Lighting Listing,www.razoentertainment.com
Stage 17,Lighting Listing,www.stage17.com
VER,Video Equipment Rentals,www.verrents.com
Delicate Productions Inc. San Francisco,Lighting Listing,www.delicate.com
LSV Production Services Inc.,Lighting Listing,www.largescreenvideo.com
Third Ear Sound Company,Lighting Listing,www.thirdearsound.com
"Angstrom Lighting, Inc.",Lighting Listing,www.angstromlighting.com
Design Partners Inc.,Lighting Listing,www.dpi-ld.com
Mole-Richardson Co.,Lighting Listing,www.mole.com
"AV Dimensions, Inc.",Lighting Listing,www.avdimensions.com
PCE,Lighting Listing,www.gopce.com
Playroom Creative Video Production,Lighting Listing,www.playroomcreative.com
RIL Audio Visual,Lighting Listing,www.rilaudiovisual.com
Felix Lighting,Lighting Listing,www.felixlighting.com
MiddleMan Productions,Lighting Listing,www.middlemanproductions.com
L3 Productions Inc.,Lighting Listing,www.L3Productions.com
Pro Audio Video Inc,Lighting Listing,www.pro-av.com
Larson Lighting and Audio Inc.,Lighting Listing,www.larsonlighting.com
DJE Sound and Lighting Inc.,Lighting Listing,www.djepro.com
CWI Production,Lighting Listing,www.cwiproduction.com
"AV Images, Inc.",Lighting Listing,www.avimages.com
Northern Lights,Lighting Listing,www.northernlightspro.com
LB Production Center/ LB Lights West,Lighting Listing,www.lbproductioncenter.com
360 TLC,Lighting Listing,www.360TLC.com
4Wall Entertainment Lighting ,Los Angeles,www.4wall.com
A V 4 Rent,Lighting Listing,www.expos4products.com
Allstar Sound,Lighting Listing,www.allstarsound.net
CW Productions,Lighting Listing,www.cwp.net
Empire PRO,Lighting Listing,www.empirepro.com
Illuminate Entertainment Inc,Lighting Listing,www.illuminate-ent.com
Images By Lighting,Lighting Listing,www.imagesbylighting.com
Kinetic Lighting,Lighting Listing,www.KineticLighting.com
Marz 5D Experience,Lighting Listing,www.marz.la
Matrix Visual Solutions,Lighting Listing,www.matrixvisual.com
RAVL ,Lighting Listing,www.r-avl.com
Scorpion Moon Productions LLC,Lighting Listing,www.scorpionmoon.com
"SenovvA, Inc.",Lighting Listing,www.SenovvA.com
ShowPro,Lighting Listing,www.showpro.net
Sound Suite Productions,Lighting Listing,www.sound-suite.com
SSR Sound,Lighting Listing,www.ssrrentals.com
"Stage Works Event Labor, LLC",Lighting Listing,www.swelabor.com
Stage-Tech,Lighting Listing,www.stage-tech.com
Star Lighting Inc.,Lighting Listing,www.StarLightingLA.com
The Catalyst Companies,Lighting Listing,www.thecatalystcompanies.com
TRUE Color Gel ,Lighting Listing,www.truecolorgel.com
US Audio Inc Los Angeles,Lighting Listing,www.usaudioandlighting.com
Xylobands,Lighting Listing,www.XylobandsUSA.com
"Riverview Systems Group, Inc.",Lighting Listing,www.riverview.com
West Coast Sound & Light,Lighting Listing,www.wcsl.org
McCune Lighting,Lighting Listing,www.mccune.com
West Coast Sound & Light ,LA,www.wcsl.org
CBC Technical Inc,Lighting Listing,www.cbctechnical.com
"Pyxis Industries, inc.",Lighting Listing,www.PyxisIndustries.com
StageLights.com,Lighting Listing,www.stagelights.com
Star Way Productions,Lighting Listing,www.starwayproductions.com
Swell DJ Productions,Lighting Listing,www.Swelldjproductions.com
TurnKey Event Productions,Lighting Listing,www.turnkeyproductions.biz
"Sound & Light Source, Inc.",Lighting Listing,www.slsource.com
Rainbow Sound & Lights,Lighting Listing,www.rainbowsound.com
Air Dimensional Design,Lighting Listing,www.airdd.com
"Intensity Advisors, LLC",Lighting Listing,www.intensityadvisors.com
"Ravitz, Jeff",Lighting Listing,www.intensityadvisors.com
"Prelite Studios, LLC",Lighting Listing,www.prelite.com
West Coast Concert Lighting,Lighting Listing,www.westcoastlighting.net
"McNally Enterprises, Inc.",Lighting Listing,www.me-i.com
Epic Production Technologies ,Los Angeles,www.epicpt.com
"Concert Services, Inc.",Lighting Listing,www.concertservices.net
"GraSar Productions, Inc",Lighting Listing,www.GraSar.com
Thunder & Lighting,Lighting Listing,www.thunder-lighting.com
"The Show Factory, Inc.",Lighting Listing,www.theshowfactory.com
Avalon Event Production,Lighting Listing,www.AvalonEventProduction.Com
Alliant Event Services,Lighting Listing,www.alliantevents.com
RIL Audio Visual,Lighting Listing,www.rilaudiovisual.com
Live Quality Productions,Lighting Listing,www.livequalityproductions.com
D-Zyn Elements,Lighting Listing,www.d-zynelements.com
D-Zyn Elements,Lighting Listing,www.d-zyns.com
North Bay Live!,Lighting Listing,www.northbay.live
Bill Pursell Productions,Lighting Listing,www.bpproductions.net
Full Spectrum Audio & Lighting,Lighting Listing,Www.fsasoundandlighting.com
Illuminate Production Services,Lighting Listing,www.lightingIPS.com
Sacramento Theatrical Lighting,Lighting Listing,www.stlltd.com
Sub-Zero Appliance Repair,Lighting Listing,www.subzeroappliancestudio.com
US Audio Northern California,Lighting Listing,www.usaudioandlighting.com
"Sky Productions, Inc.",Lighting Listing,www.skyproductions.com
ETS Productions INC,Lighting Listing,www.etsprod.com
Graywolf Production Group,Lighting Listing,www.graywolfproductiongroup.com
MSI Production Services,Lighting Listing,www.msiprod.com
Multimedia Presentation Group,Lighting Listing,www.mpgproductions.com
Multimedia Presentation Group,Lighting Listing,www.mpgproductions.com
Pro Systems,Lighting Listing,www.ProSystemsAV.com
Rhino Staging California,Lighting Listing,www.rhinonet.com
"San Diego Stage & Lighting Supply, Inc.",Lighting Listing,www.sdstagelighting.com
ShowTec,Lighting Listing,www.showtec.com
Special Event Audio Services,Lighting Listing,www.seaspro.com
"Velocity Audio Visual Services, Inc.",Lighting Listing,www.velocityavs.com
Illumination Dynamics,Lighting Listing,www.illuminationdynamics.com
PRG ,Production Resource Group,www.prg.com
"Bandit Lites, Inc",Lighting Listing,www.banditlites.com
"CTA Lasers, Lighting and Searchlights",Lighting Listing,www.ctalasers.com
"DaVinci Fusion, Inc.",Lighting Listing,www.davincifusion.com
Delicate Productions,Lighting Listing,www.delicate.com
Elevate Event Productions,Lighting Listing,www.elevateproduction.com
Hartmann Studios,Lighting Listing,www.hartmannstudios.com
Impact Lighting Audio Video,Lighting Listing,www.impactsf.com
Island Creative Management,Lighting Listing,www.islandcreative.com
NextArts,Lighting Listing,www.nextarts.org
Phoebus Lighting,Lighting Listing,www.phoebus.com
Total New Technology,TNT,www.totalnewtechnology.com
Dove Lighting Systems,Lighting Listing,www.dovesystems.com
Matrix Mobile TV,Lighting Listing,www.matrixmobiletv.com
Allstage Pro,Lighting Listing,www.allstagepro.com
721 Industries,Lighting Listing,www.721industries.com
Luner's Pro Sound & Lighting,Lighting Listing,www.lunerssb.com
WAVELENGTH LIGHT & SOUND LLC,Lighting Listing,www.wavelengthlive.com
"Corporate AV, LLC",Lighting Listing,www.corpav.net
Event Architects inc. ,Lighting Listing,www.eventarchitectsinc.com
Musson Theatrical,Lighting Listing,www.musson.com
LUMINA,Lighting Listing,www.luminatechnical.com
Aspect Lighting,Lighting Listing,www.aspectlighting.com
"Eidim Group, Inc.",Lighting Listing,www.eidim.com
"Fuller Street Productions, Inc.",Lighting Listing,www.fullerstreet.com
RIL Audio Visual,Lighting Listing,www.rilaudiovisual.com
Stage Tech,Lighting Listing,www.stage-tech.com
UVFX Scenic Productions,Lighting Listing,www.uvfx.com
Legend Theatrical,Lighting Listing,www.legendtheatrical.com
"Creative Productions, Inc.",Lighting Listing,www.creativeproductionsinc.com
LD Alliance Concert Lighting Systems,Lighting Listing,www.ldasf.com
"Alpha One Technology, Inc.",Lighting Listing,www.ao-technology.com
"Entertainment Lighting Services, Inc. (ELS)",Lighting Listing,www.elslights.com
L7 Productions LLC.,Lighting Listing,www.L7Touring.com
Force Field Inc ,Lighting Listing,www.forcefieldinc.com
"Hollywood Rentals Production Services, LLC",Lighting Listing,www.hollywoodrentals.com
Olesen Lighting a division of Hollywood Rentals Prod. Serv.,Lighting Listing,www.hollywoodrentals.com
Leading Environmental Design,Lighting Listing,www.ledesignonline.com
Morningstar Productions,Lighting Listing,www.msmp.com
Static Productions,Lighting Listing,www.Static-Productions.com
"Icon Presentations, Inc.",Lighting Listing,www.icon-presentations.com
"Stage II, Inc",Lighting Listing,www.stage2pro.com
LEDtronics,Lighting Listing,www.LEDtronics.com
"Wildfire, Inc.",Lighting Listing,www.wildfirefx.com
Nationwide Video,Lighting Listing,www.nationwidevideo.com
Corporate Image Ltd.,Lighting Listing,www.corporateimageltd.com
NEP Sweetwater,Lighting Listing,www.NEPSweetwater.com
Three-Phase Productions,Lighting Listing,www.threephasepro.com
"LUNERS, INC./LPS",Lighting Listing,www.luners.com
"Skjonberg Controls, Inc.",Lighting Listing,www.skjonberg.com
MPG,Lighting Listing,www.mpgproductions.com
Power Plus Productions,Lighting Listing,www.powerpluspro.com
"Power Plus Sound & Lighting, Inc.",Lighting Listing,www.powerpluscorp.com
Go West Creative Group,Lighting Listing,www.gwcg.com
Gates Sound,Lighting Listing,www.gatessound.com
Charisma Productions Network,Lighting Listing,www.cpnevents.com
Mastermind Production Group Inc.,Lighting Listing,www.mastermindpg.com
Garage Studio Production Services,Lighting Listing,www.garagestudio.biz
"Alchemy Concert Systems, LLC",Lighting Listing,www.alchemyavcs.com
Mile High Sound,Lighting Listing,www.milehighsound.com
"Stagewright, Inc",Lighting Listing,www.stagewright.biz
Event Production Systems,Lighting Listing,www.EPSAV.com
Image Audiovisuals,Lighting Listing,www.imageav.com
RockStar Productions,Lighting Listing,www.rockstarpro.com
Audio Denver,Lighting Listing,www.psiiusa.com
Barbizon Light of the Rockies,Lighting Listing,www.barbizon.com
"Berland Technical Services, Inc.",Lighting Listing,www.berlandtechnical.com
"Concert Concepts Production Services, Inc.",Lighting Listing,www.concertconcepts.com
"CUE Live Systems, Inc.",Lighting Listing,www.cuelivesystems.com
Denver Special FX,Lighting Listing,www.DenverSpecialFX.com
Electronic Sales & Production Inc,Lighting Listing,www.ElectronicSalesandProduction.com
Encompass Event Group,Lighting Listing,www.encompasseventgroup.com
"Fastlane Productions, Inc.",Lighting Listing,www.fastlaneproductions.com
Greater Than Entertainment,Lighting Listing,www.greaterthanentertainment.com
Image Audiovisuals Colorado Convention Center Division,Lighting Listing,www.imageav.com
"Image Audiovisuals, Inc.",Lighting Listing,www.imageav.com
Initial Production Group,Lighting Listing,www.initialpro.com
Mixed Emotion Sound & Lights,Lighting Listing,www.MixedEmotionSound.com
Mountain Light Company,Lighting Listing,www.mountain-light.com
"Multimedia Audio Visual, Inc.",Lighting Listing,www.multimedia-av.com
o2 Group,Lighting Listing,www.o2group.com
Opera Shop,Lighting Listing,www.operashop.com
Production Services International,Lighting Listing,www.psiiusa.com
Production Services International,Lighting Listing,www.psiiusa.com
Production Services International Inc,Lighting Listing,www.psiiusa.com
Rhino Staging Colorado,Lighting Listing,www.rhinonet.com
Stage Company Productions,Lighting Listing,www.stagecompany.com
The Wright Group Event Services,Lighting Listing,www.thewrightgroupnow.com
"You Want What? Productions, Inc.",Lighting Listing,www.youwantwhatproductions.com
Concert Design Innoavtions,Lighting Listing,www.grandjunctionsound.com
Snob Productions Inc,Lighting Listing,www.snobproductions.com
"Pulse Entertainment Solutions, LLC",Lighting Listing,www.pesevents.com
Maniac Productions,Lighting Listing,www.maniacproductions.com
Endeavor Productions,Lighting Listing,www.endeavorpro.com
"BoydDesign, Inc.",Lighting Listing,www.boyddesign.net
Concerts Unlimited LLC,Lighting Listing,www.concertsunlimited.com
Ambassador Event Production,Lighting Listing,www.audiovideoandeventlighting.com
"Connecticut Stage & Movie Supply, Inc.",Lighting Listing,www.ctstagesupply.com
JS Productions LLC,Lighting Listing,www.jsp-ct.com
Local Stage Productions,Lighting Listing,www.localstagepro.com
Local Stage Productions,Lighting Listing,www.localstagepro.com
Big Wave Event Productions,Lighting Listing,www.bigwaveevents.com
Contemporary Lights & Staging,Lighting Listing,www.lightsandstaging.com
Dragon's Wing Entertainment,Lighting Listing,www.dragonswingentertainment.com
"Supertech, Inc.",Lighting Listing,www.supertech-inc.com
Tech Theatrical Services LLC.,Lighting Listing,www.techts.com
ProductionStore,Lighting Listing,www.ProductionStore.com
Light Action Productions,Lighting Listing,www.lightactioninc.com
Electro Sound Systems,Lighting Listing,www.electrosoundsystems.com
Main Light Industries,Lighting Listing,www.mainlight.com
Matt Gray Creative,Lighting Listing,www.mattgraycreative.com
Stage In A Day LLC,Lighting Listing,www.stageinaday.com
All On-Stage Productions,Lighting Listing,www.allonstage.com
"Frank Gatto & Associates, Inc.",Lighting Listing,www.frankgattolighting.com
Multi Image Group,Lighting Listing,www.multiimagegroup.com
Multi Image Group,Lighting Listing,www.mig.cc
The Music Store,Lighting Listing,www.musicstoreboca.com
3 Phase Production,Lighting Listing,www.3phaseproduction.com
Space Coast Visual,Lighting Listing,www.spacecoastvisual.us
6S LED Pixel Systems,Lighting Listing,www.led.6sensory.com
Dynamic Event Productions,Lighting Listing,www.dynamiceventproductions.com
GMS Audio,Lighting Listing,www.gmsaudio.com
RCS Event Production,Lighting Listing,www.rcseventproduction.com
"Acoustic Art Creations, Inc.",Lighting Listing,www.acousticartcreations.com
Production Plan-IT,Lighting Listing,www.production-planit.com
PTT of Florida,Lighting Listing,www.pttofflorida.com
The Design Oasis,Lighting Listing,www.TheDesignOasis.com
Tech-Tronics,Lighting Listing,www.tech-tronicsinc.com
"Axxentos, LLC ",Show Lighting Design,www.Axxentos.com
Garrett Production Group,Lighting Listing,www.garrettsound.com
Main light Industries ,Lighting Listing,www.mainlight.com
ME Productions,Lighting Listing,www.meproductions.com
"Production Toolbox, Inc.",Lighting Listing,www.productiontoolbox.com
ShowCat,Lighting Listing,www.showcat.com
Harmon's Audio Visual,Lighting Listing,www.harmonsav.com
Tech-Tronics Productions inc. ,Lighting Listing,www.tech-tronicsinc.com
"Bunt Backline Event Services, LLC",Lighting Listing,www.buntbackline.com
Gator Sound and Lighting ,Lighting Listing,www.gatorsound.com
Sidram Power Inc.,Lighting Listing,www.sidrampower.com
AVL Productions,Lighting Listing,www.avlproductions.com
AVL Productions,Lighting Listing,www.avlproductions.com
Jax Stage Lighting Company,Lighting Listing,www.jaxstage.com
North Florida Productions,Lighting Listing,www.northfloridaproductions.com
PRI Productions,Lighting Listing,www.priproductions.com
Production Service Group,Lighting Listing,www.productionservicegroup.com
Sight & Sound Productions,Lighting Listing,www.ssav.net
"Toes in the Sand Productions,LLC",Lighting Listing,www.toesinthesandpro.com
"Wired 4 Sound, Inc.",Lighting Listing,www.wired4sound.com
EWC Lighting Inc.,Lighting Listing,www.Ewclighting.net
"Resource Group AV, Inc.",Lighting Listing,www.resourcegroup.org
"Style-City Music, Inc.",Lighting Listing,www.stylecitymusicinc.wordpress.com
"Broken Sound Entertainment, LLC",Lighting Listing,www.brokensoundentertainment.com
GoBackline,Lighting Listing,www.gobackline.com
"Beachsound, Inc.",Lighting Listing,www.beachsound.com
Bold Sound and Lighting,Lighting Listing,www.BoldSoundandLighting.com
Bulbtronics SA,Lighting Listing,www.bulbtronics.com
Everlast Productions,Lighting Listing,www.everlastproductions.com
Lighting Man,Lighting Listing,www.magagnato.piczo.com
"Mix3 Sound, Inc.",Lighting Listing,www.mix3sound.com
Off-The-Wall Sound & Lighting Co.,Lighting Listing,www.offthewallsound.com
"Pete Diaz Productions, Inc.",Lighting Listing,www.petediazproductions.com
Reflections Productions,Lighting Listing,www.reflectionsproductions.com
Show Technology Inc.,Lighting Listing,www.showtechinc.com/
SR Audio Inc.,Lighting Listing,www.sraudioinc.com
"Stage Equipment & Lighting, Inc ",Miami,www.stageequipment.net
Rey Production Services,Lighting Listing,www.reyproductionsmiami.com/Reyproductionsmiami.com/Welcome.html
LPS Production,Lighting Listing,www.lpsproduction.com
Artistic Science,Lighting Listing,www.artisticscience.com
Lightworks Stage Productions,Lighting Listing,www.lightworks-productions.com
Wolf Sound,Lighting Listing,www.wolfsoundinc.com
Eden Lights Design,Lighting Listing,www.edenlights.net
FX Group,Lighting Listing,www.fxgroup.tv
FX Group Events,Lighting Listing,www.fxgroupevents.com
FX Group Lighting,Lighting Listing,www.fxgrouplighting.com
ALS inc.,Lighting Listing,www.absolighting.com
"AV Dimensions, Inc.",Lighting Listing,www.avdimensions.com
Barbizon Orlando,Lighting Listing,www.barbizon.com
Bulbtronics,Lighting Listing,www.bulbtronics.com
Canavan Scenic & Light,Lighting Listing,www.CSandL.com
Christie Lites Orlando,Lighting Listing,www.christielites.com
Complete Production Resources,Lighting Listing,www.cprhq.pro
Cybis Communications Corporation,Lighting Listing,www.thinkcybis.com
Devent Audiovisuals,Lighting Listing,www.deventav.com
DmxSoft.com,Lighting Listing,www.dmxsoft.com
etech Events,Lighting Listing,www.etechevents.com
EVENT PRODUCTION TECHNOLOGIES,Lighting Listing,www.ept-us.com
Hi-Tech Rental and Staging,Lighting Listing,www.hitechrent.com
LMG LLC.,Lighting Listing,www.lmg.net
Nuance Lighting & Event Design,Lighting Listing,www.nuancelighting.com
OPAV ,OP Touring,www.op-av.com
Paradise Show & Design,Lighting Listing,www.paradiseshow.com
Presentation Services,Lighting Listing,www.psav.com
"Production Resource Group, LLC.",Lighting Listing,www.prg.com
PTE Production ,Lighting Listing,www.PTEproductions.com
SHOPECOMMERCE LLC,Lighting Listing,www.shopecommerce.com
Show Designers,Lighting Listing,www.showdesigners.com
"Spectrum Productions, Inc.",Lighting Listing,www.spectrumproductions.com
Stage Audio & Lighting Productions,Lighting Listing,www.salproductions.com
"Stage Equipment & Lighting, Inc.",Orlando,www.stageequipment.net
The Gear Clinic,Lighting Listing,www.thegearclinic.com
Tyler Productions LLC,Lighting Listing,www.tylerproductions.net
VER,Video Equipment Rentals,www.verrents.com
Zenith Lighting,Lighting Listing,www.zenithlighting.com
"Zenith Lighting, Inc",Lighting Listing,www.zenithlighting.com
"Zenith Lighting, Inc.",Lighting Listing,www.zenithlighting.com
Apex Productions,Lighting Listing,www.Apex-Productions.com
"Pro-tech Services, Inc.",Lighting Listing,www.protechserv.com
Ski Production Services,Lighting Listing,www.skiproductions.net
"Concert Systems Production Group, LLC",Lighting Listing,www.cspglive.com
All On Stage Productions,Lighting Listing,www.allonstage.com
Zebedee Productions,Lighting Listing,www.zbd.us
Mike Wood Lighting & Production Services,Lighting Listing,www.mwlps.com
Jack Link & Associates ,Gary Propper Entertainment,www.jacklinkstagelighting.com
"Best Audio Visual, Inc.",Lighting Listing,www.bestav.biz
"J. Thor Productions, Inc",Lighting Listing,www.jthor.com
Prodcution Source Inc.,Lighting Listing,www.productionsource.net
Production Source Inc,Lighting Listing,www.productionsource.net
"Platinum Lighting Productions, LLC",Lighting Listing,www.platinumlightingproductions.com
From The Heart,Lighting Listing,www.fromtheheartofsopchoppy.com
Lighting by Al Reiners,Lighting Listing,www.tripod.com/alights
AeroForce Productions,Lighting Listing,www.aeroforceproductions.com
"Industrial Strength Staging, Inc",Lighting Listing,www.isstaging.com
"Media Stage, Inc.",Lighting Listing,www.mediastage.com
Zenith Lighting Inc Sunrise,Lighting Listing,www.zenithlighting.com
Production Support Group/Reel Rock Productions,Lighting Listing,www.productionsupportgroup.com
Paradigm Lighting,Lighting Listing,www.paradigmlighting.com
"Amplifed Productions, Inc.",Lighting Listing,www.eamplified.com
"Audio Services Plus, Inc",Lighting Listing,www.asplighting.com
Bay Stage Lighting,Lighting Listing,www.baystagelighting.com
ERG | Event Resource Group,Lighting Listing,www.erg247.com
"Event Production, LLC",Lighting Listing,www.eventproductionllc.com
LED Source,Lighting Listing,www.LEDsource.com
Gary Butler Pro Sound Services,Lighting Listing,www.garybutlerprosound.com
John KaesTheatrical Consulting,Lighting Listing,www.johnkaes.com
Sanderford Sound Inc,Lighting Listing,www.sanderfordsound.com
"Abercrombie Entertainment Arts, LLC",Lighting Listing,www.abercrombiearts.com
Bigstuf Events,Lighting Listing,www.bigstufevents.com
"Active Production and Design, Inc",Lighting Listing,www.activeproductionanddesign.com
AEE Productions,Lighting Listing,www.aeeproductions.com
Area 51 Presents,Lighting Listing,www.area51presents.com
"Arena Drapery Rental, LLC",Lighting Listing,www.arenadraperyrental.com
Atlanta Pro AV,Lighting Listing,www.atlantaproav.com
Atlanta Sound and Lighting,Lighting Listing,www.atlantasoundandlight.com
Barbizon Atlanta,Lighting Listing,www.barbizon.com
"East Coast Lighting & Design, Inc.",Lighting Listing,www.ecldinc.com
Full Circle Lighting & Productions,Lighting Listing,www.fullcirclelighting.com
Hi-Tech Rental and Staging,Lighting Listing,www.hitechrent.com
Infinite Designs,Lighting Listing,www.infinitedesignsonline.com
MAGNUM Companies Ltd.,Lighting Listing,www.magnumco.com
Music Matters,Lighting Listing,www.musicmattersproductions.com
Paradygm Production Services Inc,Lighting Listing,www.paradygmproductions.com
Radish Lighting,Lighting Listing,www.radishlighting.com
Rigging Services Inc.,Lighting Listing,www.riggingservicesinc.com
Solaris,Lighting Listing,www.solarisnetwork.com
Stage Outlet,Lighting Listing,www.stageoutlet.com
"Staging Directions, Inc",Lighting Listing,www.stagingdirections.com
Staging Techniques,Lighting Listing,www.stagingtechniques.com
"Television Production Service, Inc.",Lighting Listing,www.tps-yes.com
True Productions & AV Services,Lighting Listing,www.true-productions.com
Bright Productions,Lighting Listing,www.liveprosound.com
"Next Page Event Services, Inc",Lighting Listing,www.nextpageevents.com
Jack Rubin & Sons INC,Lighting Listing,www.wirerope.net/jrsent
Fox City Pro Sound & Lighitng,Lighting Listing,www.foxcitypros.com
The Show Business Sound and Lighting Inc.,Lighting Listing,www.theshowbusiness.com
"Precise Corporate Staging, LLC",Lighting Listing,www.pcstaging.com
SkyTracker South East,Lighting Listing,www.skytrackeronline.com
SSi Production Services,Lighting Listing,www.ssiproduction.com
Trilogy Entertainment Network,Lighting Listing,www.trilogyen.com
"Spectrum Productions, Inc.",Lighting Listing,www.spectrumproductions.com
"Tech Rentals, Inc.",Lighting Listing,www.techrentals.com
DCR Media,Lighting Listing,www.dcr-media.com
"Advanced A/V Rentals, LLC",Lighting Listing,www.advancedav.rentals
"High Output, Inc",Lighting Listing,www.highoutput.com
Kaufman-Heinz LLC,Lighting Listing,www.kaufmanheinz.com
Stage Front Production Services,Lighting Listing,www.sfpsrental.net
Stage Front Production Services,Lighting Listing,www.stagefrontproductions.com
"MDS Lighting, Inc.",Lighting Listing,www.mdslighting.com
Audio Resources Hawaii,Lighting Listing,www.audioresourceshawaii.com
International Convention & Event Services,Lighting Listing,www.iceshawaii.com
John Guild Communications,Lighting Listing,www.john-guild.com
Theatrix Hawaii,Lighting Listing,www.theatrixhawaii.com
Theatrix Hawaii,Lighting Listing,www.theatrix.com
World Entertainment Group,Lighting Listing,www.worldentertainmentgroup.com
"Pacific Rim Productions, Inc.",Lighting Listing,www.pacificrimproductions.com
Hawaii Island Events Inc. ,Lighting Listing,www.hawaiiislandevents.com
Mood Event,Lighting Listing,www.moodevent.com
Work Horse Productions,Lighting Listing,www.workhorsekauai.com
Village Audio and Lighting,Lighting Listing,www.villageaudio.com
Rocky Mountain Audio Visual,Lighting Listing,www.rmav.com
Solid Rock Solutions,Lighting Listing,www.srtechnicalsolutions.com
Voltstar Productions Inc.,Lighting Listing,www.voltstar.com
Aspen Sounds,Lighting Listing,www.aspensounds.net
S&S AUDIO LLC Staging/Lighting,Lighting Listing,www.sns-audio.com
"Sound, Production & Lighting",Lighting Listing,www.sub.uidaho.edu/spl
Litronicx Ltd.,Lighting Listing,www.litronicx.com
Output Unlimited,Lighting Listing,www.outputunlimited.com
Soundz AVL,Lighting Listing,www.soundzAVL.com
Atmosphere Events Group,Lighting Listing,www.aegproduction.com
Theatrical Lighting Connection,Lighting Listing,www.thelightingconnection.com
Theatrical Lighting Connection,Chicago,www.thelightingconnection.com
"Windy City Music Sound & Lighting, Inc.",Lighting Listing,www.windycitymusic.com
"Technotrix, Inc.",Lighting Listing,www.technotrix.net
Knox-Array Event Production,Lighting Listing,www.knoxarray.com
"A V Chicago, Inc.",Lighting Listing,www.avchicago.com
Absolute Production Services,Lighting Listing,www.absolutepros.com
Barbizon Chicago,Lighting Listing,www.barbizon.com
Chicago Stagehand,Lighting Listing,www.chicagostagehand.com
Christie Lites Chicago,Lighting Listing,www.christielites.com
Clarkmen Live,Lighting Listing,www.clarkmenlive.com
CMETV,Lighting Listing,www.cmetvnetwork.com
Concert Sound Systems,Lighting Listing,www.concertsound.com
Designlab,Lighting Listing,www.designlab-chicago.com
"Diversitronics, Inc",Lighting Listing,www.diversitronics.com
ILC,Lighting Listing,www.ilc.com
K.C. Audio,Lighting Listing,www.kcaudioinc.com
Luxe Productions,Lighting Listing,www.luxeproductions.com
Midwest Event Solutions,Lighting Listing,www.midwesteventsolutions.net
Performance Lighting Chicago,Lighting Listing,www.performancelightinginc.com
Performance Sound LLC,Lighting Listing,www.PerformanceSound.com
Prosource,Lighting Listing,www.prosourcehub.com
PSAV Event Services,Lighting Listing,www.psav.com/chicago
RGB Lights,Lighting Listing,www.rgblights.com
RGB Lights,Lighting Listing,www.rgblights.com
"Show Department, Inc.",Lighting Listing,www.showdepartment.com
Sound Investment,Lighting Listing,www.soundinvestmentav.com
"Sound of Authority, Inc.",Lighting Listing,www.soundofauthority.com
Precision Sound and Lighting Inc.,Lighting Listing,www.precisionsl.com
Plus One AV,Lighting Listing,www.plusoneav.com
Warner Audio Visual,Lighting Listing,www.warnerav.com
VER,Video Equipment Rentals,www.verrents.com
Tower Sound,Lighting Listing,www.towersound.com
Sardis Events,Lighting Listing,www.sardisevents.com
"Arcus Group, LLC",Lighting Listing,www.arcusgrp.com
Lava Event Lighting Inc.,Lighting Listing,www.lavaeventlighting.com
"Stage Right, Inc.",Lighting Listing,www.stagerightinc.com
White Light A/V,Lighting Listing,www.WhiteLightAV.com
White Light AV,Lighting Listing,www.whitelightav.com
Absolutely Eventful Inc.,Lighting Listing,www.absolutelyeventful.com
Five-Star Productions,Lighting Listing,www.five-starav.com
Sounds Alive Audio-Video,Lighting Listing,www.SoundsAliveAudio.com
"GhostLight Enterprises, Inc.",Lighting Listing,www.ghostlight.info
LD-PARTNERS,Lighting Listing,www.LD-Partners.com
"Staging Resources, Inc.",Lighting Listing,www.stagingresources.com
Advanced Audio & Lighting System,Lighting Listing,www.advaudio.com
THUNDEROCK PRODUCTIONS,Lighting Listing,www.myspace.com/thunderockproductions
"SCS Productions, Inc.",Lighting Listing,www.scsproductions.com
Plexus Productions,Lighting Listing,www.plexus821.com
Super Staging and Lighting,Lighting Listing,www.superstage.com
"Audio Visual ONE, Ltd.",Lighting Listing,www.audiovisualone.com
"CenterStage Productions of Illinois, Inc.",Lighting Listing,www.cspchicago.com
"Upstaging, Inc. ",Lighting,www.upstaging.com
"JRLX, Inc",Lighting Listing,www.jrlxinc.com
Prosource,Lighting Listing,www.prosourcehub.com
"V2 Productions, LLC",Lighting Listing,www.V2ProductionsLLC.com
Universal Audio Video Productions,Lighting Listing,www.unavp.com
"OSA International, Inc.",Lighting Listing,www.osacorp.com
Tech Light Group Inc.,Lighting Listing,www.techlightgroup.com
B&B PRODUCTIONS INC,Lighting Listing,www.bandbproductions.com
B&B Productions Inc.,Lighting Listing,www.bandbproductions.com
Captivesoundz -Sound Reinforcement/Stage Productions,Lighting Listing,www.captivesoundz.com
Sinewave Audio Inc.,Lighting Listing,www.sinewaveaudio.com
"Sounds Cool Live Audio, LLC",Lighting Listing,www.soundscoolliveaudio.com
Mojo Events,Lighting Listing,www.eventswithmojo.com
"Apollo Design Technology, Inc",Lighting Listing,www.apollodesign.net
ION Event Services,Lighting Listing,www.ioneventservices.com
Midwest Sound and Production,Lighting Listing,www.midwestsp.com
Showtime Live Productions,Lighting Listing,Www.showtimeliveprods.com
Showtyme Sound,Lighting Listing,www.showtymesound.net
Corliss Production Services,Lighting Listing,www.corlissproductionservices.com
"Dodd Technologies, Inc.",Lighting Listing,www.doddtechnologies.com
Indianapolis Stage Sales & Rentals,Lighting Listing,www.indystage.com
"Indy Pro Audio Production Services, Inc. / Pyro Magic Inc.",Lighting Listing,www.ipa-productions.com
"LP Productions, LLC",Lighting Listing,www.LilPeanutProductions.com
Main Event Sound & Lighting,Lighting Listing,www.maineventsound.com
Markey's Rental & Staging,Lighting Listing,www.markeys.com
Presentation Services,Lighting Listing,www.psav.com
"Stage Tech, Inc.",Lighting Listing,www.stagetechinc.com
Kentucky-Indiana Productions,Lighting Listing,www.kiprolive.com
T Productions Concert Sound & Lighting Inc.,Lighting Listing,www.tproductionsinc.com
Crossfade Design,Lighting Listing,www.crossfadedesign.com
"Sounds Unlimited Productions, LLC",Lighting Listing,www.supdjs.com
"Dodd Technologies, Inc",Lighting Listing,www.doddtechnologies.com
AudioBahn Productions,Lighting Listing,www.audiobahnpro.com
"Studio One, Inc.",Lighting Listing,www.StudioOneSB.com
"TPC Technologies, Inc.",Lighting Listing,www.tpctechnologies.com
Levy Productions,Lighting Listing,www.levy-productions.com
NBE Event Group,Lighting Listing,www.nbeeventgroup.com
C N J Sound,Lighting Listing,www.cnjsound.com
Conference Technologies Inc.,Lighting Listing,www.conferencetech.com/eventsolutions
"Central Lighting & Equipment, Inc",Lighting Listing,www.clelights.com
Iowa Sound LC,Lighting Listing,www.iowasound.com
"Light This Productions, LLC",Lighting Listing,www.lightthisproductions.com
RJL Stage Lighting LLC,Lighting Listing,www.facebook.com/rjlstagelighting/
Elite Productions Services,Lighting Listing,www.elite-staging.com
"Segue Sound Company, USA",Lighting Listing,www.seguesoundcompany.com
"DSS, INC",Lighting Listing,www.dsskc.com
Digital Sound Systems,Lighting Listing,www.dssinc-productions.com
"Digital Sound Systems, Inc.",Lighting Listing,www.dsskc.com
Douglas Production Group,Lighting Listing,www.dpg.net
"Heartland Audio Visual, Inc.",Lighting Listing,www.HeartlandAV.com
"Pro Audio Systems, Inc.",Lighting Listing,www.daproaudiosystems.com
On Location Lighting Systems,Lighting Listing,www.onlocationls.com
Vincent Lighting Systems ,Lighting Listing,www.vls.com
Vincent Lighting Systems,Lighting Listing,www.vls.com
Pyramid Productions,Lighting Listing,www.pyramidusa.com
Alpha Productions,Lighting Listing,www.alpha-productions.net
"Axxis, Inc",Lighting Listing,www.axxisinc.com
"Axxis, Inc.",Lighting Listing,www.axxisinc.com
"C&H Audio Visual Services, Inc.",Lighting Listing,www.chavs.net
Colorstage Systems,Lighting Listing,www.colorstage.org
Falls City Lighting,Lighting Listing,www.fallscitylighting.com
Justice Sound,Lighting Listing,www.example.com
OakSt. Production Group,Lighting Listing,www.facebook.com/oakstproductiongroup
Sounds Unlimited Productions,Lighting Listing,www.supdjs.com
GRP Productions,Lighting Listing,www.GRPproductions.com
Rhino Staging Louisiana,Lighting Listing,www.rhinonet.com
Crescent Sound & Light,Lighting Listing,www.crescentsl.com
The Sound Source,Lighting Listing,www.bigboyaudio.com
"Express Productions, Inc.",Lighting Listing,www.expressproductions.com
Pace Systems,Lighting Listing,www.pacesys.com
RedCarpet Search Lights,Lighting Listing,www.redcarpetsearchlights.com
RZI Lighting,Lighting Listing,www.rzilighting.com
Solomon Group,Lighting Listing,www.solomongroup.com
Dollar Short Lighting,Lighting Listing,www.dollarshortsound.com
"Gulf Coast Sound Productions, Inc.",Lighting Listing,www.gulfcoastsound.com
Gumbeaux Productions,Lighting Listing,www.gumbeauxproductions.com
Deep South Productions,Lighting Listing,www.deepsouthproductions.com
TMF Lighting Inc.,Lighting Listing,www.tmflighting.com
"High Output, Inc.",Lighting Listing,www.highoutputportland.com
AED,Lighting Listing,www.aedevents.com
"Afterglow Lighting, Inc",Lighting Listing,www.AfterglowLighting.NET
DSL Sound Inc,Lighting Listing,www.dslsound.com
Event Tech,Lighting Listing,www.eventtech.com
"Excel Lighting Services, LLC",Lighting Listing,www.excellightingservices.com
Image Engineering,Lighting Listing,www.imageengineering.com
Lighting Design Services,Lighting Listing,www.lightbender.net
LumenCUE,Lighting Listing,Www.Facebook.com/lumencue
PM Lighting and Productions,Lighting Listing,www.pmlightingandproductions.com
Technicracy Event Production,Lighting Listing,www.Technicracy.com
4Wall Entertainment Lighting ,DC,www.4wall.com
Door No. 3 Design & Production,Lighting Listing,www.dn-3.com
"eventEQ, LLC",Lighting Listing,www.eventEQ.com
"eventEQ, LLC",Lighting Listing,www.eventEQ.com
Tony Caporale,Lighting Listing,www.plsn.com/notebook
Showcall Inc.,Lighting Listing,www.showcallusa.com
"Digital Lightning, LLC",Lighting Listing,www.digitallightning.com
Elite Productions Services,Lighting Listing,www.elite-staging.com
Visual Aids Electronics,Lighting Listing,www.vaecorp.com
Acclaim Event Services Inc.,Lighting Listing,www.acclaimeventservices.com
"Command Systems Group, LLC",Lighting Listing,Www.commsystemsgroup.com
"Meerkat Sound Plus, LLC",Lighting Listing,www.facebook.com/MeerkatSound
"Atmosphere, Inc.",Lighting Listing,www.atmospherelighting.com
Entertainment Sound Production,Lighting Listing,www.espsound.com
Potomac Talent,Lighting Listing,www.potomactalent.com
Professional Technical Service,Lighting Listing,www.pro-tech.us
Kinetic Artistry,Lighting Listing,www.kineticartistry.com
"SCL Sound Systems, LLC",Lighting Listing,www.sclsound.com
SPL Systems,Lighting Listing,www.splsystems.net
Theatrix Inc.,Lighting Listing,www.theatrix.net
Fastlane Productions LLC,Lighting Listing,www.Fastlaneproductions.net
massAV,Lighting Listing,www.massav.com
AE Event Systems ,Lighting Listing,www.audioeast.com
AVFX,Lighting Listing,www.avfx.com
Concert Sound and Lighting,Lighting Listing,www.concertsoundandlighting.com
Philips Color Kinetics,Lighting Listing,www.colorkinetics.com
Rainbow Production Services,Lighting Listing,www.rainbowProductionServices.com
Vivid Event Productions LLC,Lighting Listing,www.vivid-ep.com
"ALPS / Advanced Lighting & Production Services, Inc.",Lighting Listing,www.alpsweb.com
High Output Inc.,Lighting Listing,www.highoutput.com
"Advanced Concert Productions, LLC",Lighting Listing,www.acprental.com
"Audio East, LLC",Lighting Listing,www.audioeast.com
"Zasco Productions, LLC",Lighting Listing,www.zasco.com
Bergsten Music,Lighting Listing,www.bergstenmusic.com
Bergsten Music Inc.,Lighting Listing,www.BergstenMusic.com
"Productions, Inc.",Lighting Listing,www.productionsinc.com
"Limelight Productions, Inc",Lighting Listing,www.limelightproductions.com
"Limelight Productions, Inc.",Lighting Listing,www.limelightproductons.com
Corporate Audio Visual Services,Lighting Listing,www.corporate-av.com
Gateway Productions,Lighting Listing,www.gateway-productions.com
Audiospectrum Inc.,Lighting Listing,www.audiospectrum.com
"Audio Spectrum, Inc.",Lighting Listing,www.audiospectrum.com
Perfect Genius LLC,Lighting Listing,www.perfectgenius.com
NE Showtime Productions Inc. ,Lighting Listing,www.neshowtimepro.com
Sound Vision,Lighting Listing,www.svav.com
ATC Audio / Video / Lighting,Lighting Listing,www.ATCaudio.com
CJC Event Lighting and Production,Lighting Listing,www.cjceventlighting.com
Barbizon Light of New England,Lighting Listing,www.barbizon.com
Mackay Lighting Design,Lighting Listing,www.mldlighting.com
"Northeast Media Services, Inc.",Lighting Listing,www.northeastmedia.net
Image Production Services,Lighting Listing,www.imageproductionservices.com
"ATI, Inc. Prolyte Truss Dealer",Lighting Listing,www.acronymtrading.com
"Complete Production Systems, Inc.",Lighting Listing,www.comprodsys.com
"Quest Productions, LLC",Lighting Listing,www.quest-productions.com
Solid Sound Recording Company LLC,Lighting Listing,www.solidsound.net
Stewart Independent Production LLC,Lighting Listing,www.stewartindependent.com
"TLS Productions, Inc.",Lighting Listing,www.tlsproductionsinc.com
Fantasee Lighting,Lighting Listing,www.fantaseelighting.com
"Harbor Light and Sound, Inc.",Lighting Listing,www.toilleusa@hotmail.com
"Ignited Light and Sound,LLC",Lighting Listing,www.ignitedlightandsound.com
Visionary Sound Productions LLC,Lighting Listing,www.VisionarySoundProductions.com
Band-Ayd Events Group,Lighting Listing,www.band-ayd.com/
"LMG, LLC ",Lighting Listing,www.lmg.net
Vincent Lighting Systems ,Lighting Listing,www.vls.com
Sound EFX Production Group,Lighting Listing,www.soundefx.net
Reinforcement Inc.,Lighting Listing,www.reinforcement.com
Michigan Sound Reinforcement,Lighting Listing,www.michigansound.com
Elite Productions Services,Lighting Listing,www.elite-staging.com
Corporate Sound Inc.,Lighting Listing,www.corporatesound.com
"LiveSpace, LLC",Lighting Listing,www.lsavl.com
"LiveSpace, LLC",Lighting Listing,www.livespace.com
Oncore Productions,Lighting Listing,www.oncore.pro
PJ's Sound & Backline,Lighting Listing,www.pjsound.com
"Odyssey Lighting, Inc.",Lighting Listing,www.odysseylightingusa.com
The Group LLC,Lighting Listing,www.thegroupllc.com
Audio Visual One Presentations,Lighting Listing,www.av1presentations.com
Touch Audio & Media Services,Lighting Listing,www.TouchAudio.net
Reinforcement Inc.,Lighting Listing,www.reinforcement.com/
"On Site Specialists, Inc.",Lighting Listing,www.ossdetroit.com
Light Source Inc.,Lighting Listing,www.lightsourceinc.com
"TPC Technologies, Inc.",Lighting Listing,www.tpctechnologies.com
Mercury Sound & Lighting,Lighting Listing,www.mercurysl.com
Chase Creative Unlimited,Lighting Listing,www.chasecreative.com
Detroit Rack Systems,Lighting Listing,www.detroitracksystems.com
Synergy Media 7,Lighting Listing,www.synergymedia7.com
Bluewater,Lighting Listing,www.bluewatertech.com
Pegasus Entertainment,Lighting Listing,www.pegasustheatrical.com
AudioBahn Productions,Lighting Listing,www.audiobahnpro.com
Advanced Lighting & Sound Inc.,Lighting Listing,www.go-als.com
"IKO Productions, LLC",Lighting Listing,www.ikoproductions.net
SR Audio Inc.,Lighting Listing,www.sraudioinc.com
Vincent Lighting Systems,Lighting Listing,www.vls.com
Tobins Lake Sales,Lighting Listing,www.tobinslakesales.com
Nationwide Video,Lighting Listing,www.nationwidevideo.com
Lowing Light & Grip,Lighting Listing,www.lowinglight.com
"REACH Communications, Inc.",Lighting Listing,www.reachcomm.net
"Showcore, Inc",Lighting Listing,www.showcore.com
"Advanced Audio, Inc.",Lighting Listing,www.advancedaudioinc.us
"Ruehling Associates, Inc.",Lighting Listing,www.RuehlingAssoc.com
"Farber Sound, LLC",Lighting Listing,www.farbersound.com
Allied Productions & Sales,Lighting Listing,www.allied.productions
"Alternative Video Solutions, Inc.",Lighting Listing,www.AVS-US.com
Audio Logic Systems,Lighting Listing,www.audiologicsystems.com
AVEX,Lighting Listing,www.goavex.com
Gopher Stage Lighting,Lighting Listing,www.gopherstagelighting.com
Heroic Productions,Lighting Listing,www.heroic-productions.com
Legacy Production Group,Lighting Listing,www.legacy-pg.com
Light N Trax,Lighting Listing,www.lightntrax.com
The Show Syndicate,Lighting Listing,www.theshowsyndicate.com
Crescent Moon Productions,Lighting Listing,www.crescentmoonprod.com
"Crescent Moon Productions, LLC",Lighting Listing,www.crescentmoonprod.com
Actua Systems Inc.,Lighting Listing,www.actuasystems.com
Urban Communications,Lighting Listing,www.urbancom.us
Northern Sun Productions,Lighting Listing,www.northernsunproductions.com
Spectrum Pro-Audio,Lighting Listing,www.spectrumproaudio.com
Center Stage Productions,Lighting Listing,www.centerstagemn.com
"MystiQue Sound Solutions, Inc.",Lighting Listing,www.mystiquesound.com
Visual Horizon Communications,Lighting Listing,www.vhcinc.com
"Paracosm Entertainment, LLC",Lighting Listing,www.paracosm.com
A&M Entertainment,Lighting Listing,www.ameaudio.com
Emerald City Productions,Lighting Listing,www.ecprod.net
"Concert Systems USA, Inc.",Lighting Listing,www.concertsystemsusa.com
Gulf South Productions LLC,Lighting Listing,www.gulfsouthproductions.com
ND Audio,Lighting Listing,www.davainelighting.com
"Stagelite Sound, LLC",Lighting Listing,www.stagelitesound.com
Backstreet Music Productions,Lighting Listing,www.backstreetmusicproductions.com
"Theatreworks, LLC",Lighting Listing,www.theatreworks.com
Copper Run Designs,Lighting Listing,www.CopperRunDesigns.com
Nelson Audio,Lighting Listing,www.nelsonaudio.com
Vista Productions,Lighting Listing,www.vistaprod.com
StageXperts,Lighting Listing,www.stagexpertsonline.com
Fine Art Lighting Company,Lighting Listing,www.fine99.com
Brentster Productions,Lighting Listing,www.brentsterproductions.com
"Harvest Productions, Inc.",Lighting Listing,www.harvestkc.com
"Heartland Audio Visual, Inc.",Lighting Listing,www.HeartlandAV.com
S.E.C.T. Theater Supplies,Lighting Listing,www.secttheatersupplies.com
XS Lighting & Sound,Lighting Listing,www.xslighting.com
Spectacular Productions L.L.C.,Lighting Listing,www.spectacularproductionsllc.com
Downhome Productions,Lighting Listing,www.downhomeproductions.com
Downhome Productions,Lighting Listing,WWW.Downhomeproductions.com
"Brawner & Associates, LLC",Lighting Listing,www.brawnerassociates.com
CongoBlu Creative Studio,Lighting Listing,www.congoblu.com
RG Productions LLC,Lighting Listing,www.rgproductionsllc.com
Southwest Audio Visual,Lighting Listing,www.southwestav.com @southwest_av
Southwest Audio-Visual Inc.,Lighting Listing,www.southwestav.com
Airco Audio,Lighting Listing,www.aircoaudio.com
Alobar' s Lighting and Sound,Lighting Listing,www.alobars.com
Audio Concepts,Lighting Listing,www.logicsound.com
Gateway Production Services,Lighting Listing,www.GatewayProductionServices.com
Golden Road Entertainment Specialists,Lighting Listing,www.GoldenRoadEntertainment.com
Ironman Sound Industries LLC,Lighting Listing,www.ironmansound.com
"Logic Systems Sound & Lighting, Inc.",Lighting Listing,www.logicsound.com
"Production Solutions, LLC",Lighting Listing,www.psllc.biz
Reflex Media Solutions,Lighting Listing,www.reflexmediasolutions.com
Spectra Audio Systems LLC,Lighting Listing,www.spectraaudio.com
"St. Louis Audio Visual, Inc.",Lighting Listing,www.stlouisav.com
Stanco Productions,Lighting Listing,www.stancoproductions.com
"Technical Productions, Inc.",Lighting Listing,www.technicalproductions.com
"We Produce, LLC",Lighting Listing,www.weproduce4u.com
DiA Events,Lighting Listing,www.diaevents.com
Filmlites Montana LLC,Lighting Listing,www.filmlitesmt.com
"Jereco Studios, Inc.",Lighting Listing,www.jerecostudios.com
Montana Pro Audio,Lighting Listing,www.montanaproaudio.com
Montana Pro Audio,Lighting Listing,www.montanaproaudio.com
P.C.L. Productions,Lighting Listing,www.pclproductions.biz
Sure Sound and Lighting Inc.,Lighting Listing,www.suresoundandlighting.com
Inspirmedia Productions,Lighting Listing,www.inspirmedia.com
Stratum,Lighting Listing,www.stratumpro.com
Audio Visions,Lighting Listing,www.audio-visions.com
"Central Lighting & Equipment, Inc",Lighting Listing,www.clelights.com
Macrae Productions,Lighting Listing,www.mrpomaha.com
STORM LIVE,Lighting Listing,www.storm-live.com
"Theatrical Media Services, Inc.",Lighting Listing,www.tmsomaha.com
"Joyce & Associates Nevada, Inc.",Lighting Listing,www.janevada.com
4Wall Entertainment Lighting ,Las Vegas,www.4wall.com
AG Production Services,Lighting Listing,www.ag.tc
"Alumifax, Inc.",Lighting Listing,www.alumifax.com
AV Vegas Inc.,Lighting Listing,www.avvegas.com
AVP West,Lighting Listing,www.avpinc.net
Blue Planet Lighting,Lighting Listing,www.blueplanetlighting.com
Bulbtronics,Lighting Listing,www.bulbtronics.com
Cooling & Power Rentals--CPR,Lighting Listing,www.coolingandpowerrentals.com
Creative Entertainment Technologies,Lighting Listing,www.creativeentertainmenttechnologies.com
"Cue2Cue, Inc.",Lighting Listing,www.cue2cue.com
Encore Productions,Lighting Listing,www.encoreproductions.net
etech Events,Lighting Listing,www.etechevents.com
Evident Productions,Lighting Listing,www.evidentproductions.com
"Griffin Entertainment, LLC",Lighting Listing,www.griffinlive.com
H.A.S. Productions,Lighting Listing,www.hasaudio.com
In-House Production,Lighting Listing,www.ihplabor.com
Ken's Events,Lighting Listing,www.kensevents.com
LMG LLC.,Lighting Listing,www.lmg.net
Morpheus Lights,Lighting Listing,www.morpheuslights.com
Morpheus Lights,Lighting Listing,www.morpheuslights.com/
Neu Visions Design,Lighting Listing,www.neuvisionsdesign.com
"OSA International, Inc.",Lighting Listing,www.osacorp.com
Rhino Staging Nevada,Lighting Listing,www.rhinonet.com
Show and Design Group,Lighting Listing,www.showanddesigngroup.com
"Spectrum Production Services, Inc.",Lighting Listing,www.spsvsinc.com
SPLDinc,Lighting Listing,www.spldinc.com
Stage Crew,Lighting Listing,www.stagecrew.us
UsedLighting.com,Lighting Listing,www.usedlighting.com
Velocity LED's,Lighting Listing,www.velocityavs.com
Christie Lites Las Vegas,Lighting Listing,www.christielites.com
Bright Productions,Lighting Listing,www.BrightProd.com
Moon Lighting & Sound,Lighting Listing,www.MoonLightingandSound.com
"Sierra Audio Visual, llc",Lighting Listing,www.sierraavservices.com
"Starsound Audio, Inc.",Lighting Listing,www.starsound.com
Tech Works,Lighting Listing,www.techworksreno.com
West Coast Audio Visual,Lighting Listing,www.westcoast-av.com
Glass And Gear,Lighting Listing,www.glassandgear.com
Rainbow Production Services,Lighting Listing,www.rainbowproductionservices.com
Andrews AVS,Lighting Listing,www.andrewsavs.com
Events United,Lighting Listing,www.EventsUnited.us
"WHB Concert and Production Services, LLC",Lighting Listing,www.whbcaps.com
Megawatt Lights & Sound,Lighting Listing,www.lightssound.com
APS Lighting-Sound-A/V,Lighting Listing,www.apslightingnh.com
Port Lighting Systems,Lighting Listing,www.portlighting.com
Light Theatrics,Lighting Listing,www.lighttheatrics.com
SONUS Production Systems,Lighting Listing,www.sonuslive.com/
Short Circuit Audio LLC,Lighting Listing,www.shortcircuitaudio.com
"Pulse Stage Lighting, LLC",Lighting Listing,www.pulsestagelighting.com
Nelson Enterprises,Lighting Listing,www.nelson-enterprises.com
Nelson Enterprises,Lighting Listing,www.nelson-enterprises.com
"J. Werner Production, LLC",Lighting Listing,www.jwernerproduction.com
CMT Sound Systems,Lighting Listing,www.CMTSoundSystems.com
KLAD ,Scenic & Lighting Design,www.klad.com
"Professional Media Services, LLC",Lighting Listing,www.promediasvcs.com
Shadowstone Inc.,Lighting Listing,www.shadowstone.com
TL Pro ,Authorized Martin Service Center,www.TLProNJ.com
"Wired 4 Sound, Inc.",Lighting Listing,www.wired4sound.com
Christie Lites Broadway,Lighting Listing,www.christielites.com
Stirling Audio Services,Lighting Listing,www.stirlingaudioservices.com
Concert Quality Production Services LLC,Lighting Listing,www.concertqualitysound.com
Earl Girls Inc.,Lighting Listing,www.egipro.com
Reliant AV Productions,Lighting Listing,www.reliantavproductions.com
Strike sound and Light rentals,Lighting Listing,www.strikesound.com
"Spellcaster Productions, LLC",Lighting Listing,www.spellcasterpro.com
Bernhard Link Theatrical LLC,Lighting Listing,www.bltprod.com
"Circuit Lighting, Inc.",Lighting Listing,www.circuitlighting.com
JB Lighting Production,Lighting Listing,www.jblightingproduction.com
"A V Insights, Inc",Lighting Listing,www.avinsights.com
Christie Lites New York,Lighting Listing,www.christielites.com
Aurora Sound & Light Design LLC,Lighting Listing,www.aurorasoundlight.com
Aurora Sound & Light Design LLC / System Design & Prorgramming,Lighting Listing,www.aurorasoundlight.com
Squeek Lights,Lighting Listing,www.squeeklights.com
ASi Sound & Lighting,Lighting Listing,www.asimusic.com
"Dimensions Sound & Productions , LLC",Lighting Listing,www.dimensions-pro.com
NMR Staging and Events,Lighting Listing,www.nmrevents.com
4Wall Entertainment Lighting ,New York,www.4wall.com
Starlite,Lighting Listing,www.starlite.com
Feldman Designs LLC,Lighting Listing,www.feldmandesigns.com
5 Point Event Production Services,Lighting Listing,www.5PointEPS.com
"P.C.A. Audio Design and Engineering, Inc.",Lighting Listing,www.pcaaudio.net
Haye Productions,Lighting Listing,www.hayeproductions.com
"CK Sound Productions, Inc.",Lighting Listing,www.cksound.com
BML-Blackbird Theatrical Services,Lighting Listing,www.bmlblackbird.com
"Pulse Stage Lighting, Inc.",Lighting Listing,www.pulsestagelighting.com
North Jersey Lighting,Lighting Listing,www.northjerseylighting.com
DFX Sound Vision,Lighting Listing,www.DFXsoundvision.com
Stellar Designs,Lighting Listing,www.stellardesigns.com
"Reid Sound, Inc.",Lighting Listing,www.reidsound.com
ADI Productions,Lighting Listing,www.adipro.com
AE Productions,Lighting Listing,www.aeproductions.net
AE Productions,Lighting Listing,www.aeproductions.net
Event Technology Services,Lighting Listing,www.etslights.com
Quickbeam Systems Inc,Lighting Listing,www.quickbeam.com
Production Resource Group,Lighting Listing,www.prg.com
Audio Images Sound & Lighting Inc.,Lighting Listing,www.audioimagesonline.com
"Wavelength Audio Productions, LLC",Lighting Listing,www.wavelength-audio.com
ProActiV Technologies Corp.,Lighting Listing,www.ptav.net
Designatronix Industries Inc.,Lighting Listing,www.designatronix.com
Perfect Genius LLC,Lighting Listing,www.perfectgenius.com
AVS Production Group,Lighting Listing,www.avspg.com
Pragmatech Sound Corp.,Lighting Listing,www.pragmatechsound.com
Texc/Ex Event Force Inc.,Lighting Listing,www.klprods.com
Audiolust,Lighting Listing,www.Audiolust.com
Moore P.A. Hire Inc.,Lighting Listing,www.moorepahire.com
Music First Productions,Lighting Listing,www.loudpa.com
APG,Lighting Listing,www.advancedproductiongroup.com
Indigo Productions,Lighting Listing,www.indigoproductions.net
Unistage,Lighting Listing,www.unistage.com
Corporate Audio Visual Services,Lighting Listing,www.corporate-av.com
Endicott Audio and Communications Services,Lighting Listing,www.endicottaudio.com
Bulbtronics,Lighting Listing,www.bulbtronics.com
"Long Island Video Enterprises LIVE, Inc.",Lighting Listing,www.Longislandvideo.com
Vertical Events Inc,Lighting Listing,www.verticalevent.com
Baron Pro Sound,Lighting Listing,www.baronprosound.com
Syracuse Scenery & Stage Lighting Co. Inc.,Lighting Listing,www.syracusescenery.com
"Michael Riotto Design, LLC",Lighting Listing,www.accessMRD.com
NEP Sweetwater,Lighting Listing,www.NEPSweetwater.com
"TPR Enterprises, Ltd.",Lighting Listing,www.tprlights.com
United Stage Associates,Lighting Listing,www.unitedstageassociates.com
Mountain Valley Production Systems,Lighting Listing,www.mountainvalleyproductionsystems.com
1 Way Audio Visual Services,Lighting Listing,www.1wayav.com
Barbizon Lighting Company,Lighting Listing,www.barbizon.com
Big Apple Lights Corp.,Lighting Listing,www.bigapplelights.com
"CK Sound Productions, Inc.",Lighting Listing,www.cksound.com
"Endless Events, LLC",Lighting Listing,www.helloendless.com
Event Insurance Brokers,Lighting Listing,www.eventinsurancebrokers.com
Field Template,Lighting Listing,www.fieldtemplate.com
Intelligent Lighting,Lighting Listing,www.intelligentlightinginc.com
L & M Sound & Light,Lighting Listing,www.lmsound.com
"Masi-Valenti Productions and Shows, Inc",Lighting Listing,www.mvpshows.com
"Michael Andrews Audio Visual Services, Inc.",Lighting Listing,www.maavs.com
"New York City Lites, Inc.",Lighting Listing,www.newyorkcitylights.com
Rainbow Production Services,Lighting Listing,www.rainbowproductionservices.com
Rooftop2 Productions,Lighting Listing,www.rooftop2.com
"Run, Jump, Fly",Lighting Listing,www.RunJumpFly.com
"See Factor Industry, Inc.",Lighting Listing,www.seefactor.com
SoftSymbols,Lighting Listing,www.fieldtemplate.com
"Stage Call, Inc.",Lighting Listing,www.stagecallproductions.com
USA Intl fashion Shows,Lighting Listing,www.couturefashionweek.com
VER ,Video Equipment Rentals,www.verrents.com
Lynn Sound Systems INC.,Lighting Listing,www.lynnsoundsystesm.com
"Creative Stage Lighting Co., Inc.",Lighting Listing,www.creativestagelighting.com
CBI Cables,Lighting Listing,www.cbicables.com
Adirondack Sound LLC,Lighting Listing,www.adirondacksound.com
BMI Supply,Lighting Listing,www.bmisupply.com
Applied Audio/Brighton Lites,Lighting Listing,www.theatresupply.com
"Cheshire Audio Visual, Inc.",Lighting Listing,www.cheshireav.com
Above All Lighting & Bulbs Inc,Lighting Listing,www.allbulbs.com
Absolute LED,Lighting Listing,www.allbulbs.com / www.TRUEcolorGel.com
Entertainment Services,Lighting Listing,www.entertainmentservices.us
Entertainment Services,Lighting Listing,www.entertainmentservices.us
AG Production Services,Lighting Listing,www.ag.tc
Peak Trading Corporation,Lighting Listing,www.peaktrading.com
Crossfire Sound Productions ,Lighting Listing,www.proavrentals.net
Pegasus Productions,Lighting Listing,www.pegasusproductions.us
Times Square Lighting,Lighting Listing,www.tslight.com
Lycian Stage Lighting,Lighting Listing,www.lycian.com
B&W SSI,Lighting Listing,www.bwssi.com
American Concert & Entertainment Services Inc.,Lighting Listing,www. acesny.com
Bestek Lighting and Staging,Lighting Listing,www.bestek.com
Illumination Production Svcs. Inc.,Lighting Listing,www.ips-nyc.com
Altman Rentals,Lighting Listing,www.altmanrentals.com
Atlman Lighting,Lighting Listing,www.altmanlighting.com
"Rock-It Productions, Inc",Lighting Listing,www.rockitpronc.com
Champagne Event Services,Lighting Listing,www.champagneeventservices.com
Pisgah Audio Video Lighting,Lighting Listing,www.pisgahavl.com
Stewart Sound Inc. & Stewart Stage Works Inc.,Lighting Listing,www.stewartsound.net
Alpha Sound and Light,Lighting Listing,www.alphasoundandlight.com
AVP Nationwide Productions,Lighting Listing,www.avpinc.net
"Bandit Lites, Inc.",Lighting Listing,www.BanditLites.com
Barbizon Charlotte,Lighting Listing,www.barbizon.com
Creative Stage Design,Lighting Listing,www.creativestagedesign.com
Eye Dialogue Lighting and Sound,Lighting Listing,www.EyeDialogue.com
JHE Production Group,Lighting Listing,www.gojhe.com
Sound Connection,Lighting Listing,www.facebook.com/FC.SoundConnection
Specialized Sound & Light,Lighting Listing,www.specializedsoundandlight.com
Total Event Production,Lighting Listing,www.totaleventproduction.com
Uptown Event Productions,Lighting Listing,www.uptowneventproductions.com
"Wild West Lighting and Productions, Inc.",Lighting Listing,www.wildwestlighting.net
Ferret Sound Company,Lighting Listing,www.Ferretsound.com
Holley Johnson Inc.,Lighting Listing,www.holleyjohnson.net
North State Sound LLC,Lighting Listing,www.northstatesound.com
NRPNC,Lighting Listing,www.nrpnc.com
"Draughon Brothers, Inc.",Lighting Listing,www.draughonbrothers.com
Tequila Sunrise Music,Lighting Listing,www.tequilasunrisemusic.com/facebook.com/ tequila sunrise music
Vintage Sound & Light,Lighting Listing,www.vintagesoundandlight.com
A & V Company,Lighting Listing,www.avcompany.com
A&V Company,Lighting Listing,www.avcompany.com
"Carlton/Carey Events, Inc.",Lighting Listing,www.carltoncareyevents.com
Imagine Design & Production Services Inc,Lighting Listing,www.imaginedps.com
"SE Systems, Inc.",Lighting Listing,www.sesystems.com
Sharpe Pursuits Inc.,Lighting Listing,www.sp3.us
FrontlineFX,Lighting Listing,www.frontlinefx.com
Academy Street Event Productions,Lighting Listing,www.academystreet.net
Special Event Services,Lighting Listing,www.specialeventservices.com
Crazy J Productions,Lighting Listing,www.crazyjproductions.com
"LH Productions, Inc",Lighting Listing,www.lighthouseprod.com
PA Man Raleigh,Lighting Listing,www.reverbnation.com/pamanraleigh
"Rock Quarry Productions, Inc.",Lighting Listing,www.rockquarryproductions.com
TOURtech,Lighting Listing,www.TOURtech.com
Carolinastaging,Lighting Listing,www.carolinastaging.com
Dynamic Sights & Sounds,Lighting Listing,www.dynamicsns.com
F.A.T. Production,Lighting Listing,www.fatproduction.webs.com
"Livewire Productions, LLC",Lighting Listing,www.myspace.com/livewiresoundreinforcement
The Volume Shop South East,Lighting Listing,www.thevolumeshop.com
Sound Wave Audio Inc.,Lighting Listing,www.soundwaveaudio.com
HB Sound & Light,Lighting Listing,www.hbsound.com
"HB Sound & Light, INC.",Lighting Listing,www.hbsound.com
AA Sound & Lighting,Lighting Listing,www.aasound.com
Clear Gold Audio & Lighting,Lighting Listing,www.cleargoldaudio.com
StageWorX AV,Lighting Listing,www.stageworxav.com
BASE Ltd,Lighting Listing,www.baseltd.biz
"AA Sound and Lighting, Inc.",Lighting Listing,www.aasound.com
L.A. Lighting & Sound Inc!/L.A. Productions,Lighting Listing,www.lalighting-sound.com
Central Ohio Sound,Lighting Listing,www.centralohiosound.com
JSL Productions,Lighting Listing,www.jslpro.com
EVENT ENTERPRISES,Lighting Listing,www.evententerprises.com
"Loud & Clear, Inc.",Lighting Listing,www.loudandclear.com
Partech Inc.,Lighting Listing,www.partechlighting.com
Prestige AV & Creative Services,Lighting Listing,www.prestigeav.com
"SoundCo Productions, Inc.",Lighting Listing,www.soundcoproductions.com
Colortone Staging and Rentals,Lighting Listing,www.colortone.com
Earthgrooves Productions,Lighting Listing,www.earthgrooves.net
Hughie's Event Production Services,Lighting Listing,www.hughies.com
Northern Lights and Sound,Lighting Listing,www.northernlightsandsound.com
NPi Audio Visual,Lighting Listing,www.npiav.com
NPi Audio Visual Solutions,Lighting Listing,www.npiav.com
RCS Event Production ,Lighting Listing,www.RcsEventProduction.com
Rock The House Entertainment Group,Lighting Listing,www.rthAV.com
Solus Lighting LTD,Lighting Listing,www.soluslightingltd.com
Vertical Sound,Lighting Listing,www.verticalsoundpro.com
Vincent Lighting Systems,Lighting Listing,www.vls.com
Vincent Lighting Systems,Lighting Listing,www.vls.com
Above Sound and Lighting,Lighting Listing,www.aslpros.com
Bartha,Lighting Listing,www.bartha.com
"BASE, Ltd",Lighting Listing,www.baseltd.biz
Hughie's Event Production Services,Lighting Listing,www.hughies.com
Live Technologies,Lighting Listing,www.GoWithLive.com
LIVE! Technologies,Lighting Listing,www.reallivepros.com
PEACE Sound and Light,Lighting Listing,www.PeaceSoundAndLight.com
Knight Sound and Lighting Inc.,Lighting Listing,www.knightsoundandlighting.com
The Light Fantastic Inc.,Lighting Listing,www.lfidayton.com
ALM Productions,Lighting Listing,www.almproductions.com
Event Management and Production Services,Lighting Listing,www.eventmps.com
Tritech Light and Sound,Lighting Listing,www.tritechlightandsound.com
"Great Lakes Sound, Inc.",Lighting Listing,www.greatlakessound.com
PPG/Prodigy Productions Group,Lighting Listing,www.prodigyproductionsgroup.com
The Guitar Mechanic / TGM Audio,Lighting Listing,www.GuitarMechanic.net
Forty Two Event Production,Lighting Listing,www.fortytwoeventpros.com
Forty Two Event Production,Lighting Listing,www.fortytwoinc.com
Hubbard Music,Lighting Listing,www.hubbardmusic.com
PDC Productions,Lighting Listing,www.pdcproductions.com
2cVision,Lighting Listing,www.2cVision.com
"Cory's Audio Visual Services, inc.",Lighting Listing,www.coryav.com
Ford AV,Lighting Listing,www.fordav.com/rental/
Miller Pro AVL,Lighting Listing,www.millerproaudio.com
"Run, Jump, Fly...",Lighting Listing,www.runjumpfly.com
Small Pocket Poets Agency LLC,Lighting Listing,www.smallpocketpoets.com
Toucan Productions,Lighting Listing,www.toucanproductions.net
Ford AV,Lighting Listing,www.fordav.com/rental/
Integrated Lighting Systems,Lighting Listing,www.integratedlighting.com
"Integrity Lighting, Inc.",Lighting Listing,www.integritylighting.com
"Omni Lighting, INC.",Lighting Listing,www.omnilighting.com
Performance Stage Company,Lighting Listing,www.performancestage.com
"Performance Stage, Inc.",Lighting Listing,www.performancestage.com
"TES Productions, Inc.",Lighting Listing,www.tesproductions.com
Wilson Sound and Lights,Lighting Listing,www.wilsonsoundandlights.com
Southern Oregon Audio Visual,Lighting Listing,www.audiovisualpro.com
"Hollywood Lights, Inc.",Lighting Listing,www.hollywoodlights.biz
Luxium Lighting,Lighting Listing,www.luxiumlighting.com
Soundguy Productions,Lighting Listing,www.soundguyproductionsnw.com
High Performance Audio Visual,Lighting Listing,www.sound-n-light.com
"Cascade Sound & Stage Lighting, Inc.",Lighting Listing,www.cascadesound.com
MDM Productions,Lighting Listing,www.mdmproductions.biz
"Center Stage Lighting and Rigging, Inc.",Lighting Listing,www.centerstagelighting.net
City Entertainment Systems,Lighting Listing,www.cityentertainment.net
Pinpoint Lighting,Lighting Listing,www.pinpointlighting.com
LightSpeed Productions,Lighting Listing,www.lightspeedbedford.com
Soaring Eagle Productions,Lighting Listing,www.facebook.com/soaringeagleproductions
APA Music & Pictures,Lighting Listing,www.apamusic-pictures.com
"Spire Lighting Design, LLC",Lighting Listing,www.spirelightingdesign.com
Audiowave Sound,Lighting Listing,Www.Audiowavesound.com
"Pleasant Valley Audio, Inc.",Lighting Listing,www.pleasantvalleyaudio.com
Star Design Event Services,Lighting Listing,www.stardesignes.com
"Reynolds AV, LLC",Lighting Listing,www.reynoldsav.com
"Polaris Lighting, Inc.",Lighting Listing,www.PolarisLighting.com
"TJE Productions, Inc.",Lighting Listing,www.TJEProductions.com
Illusion Sound and Lighting,Lighting Listing,www.illusionsoundandlight.com
Zeus Light and Sound Co.,Lighting Listing,www.zeuslightandsound.com
"All Sound Pro, LLC",Lighting Listing,www.allsoundpro.com
SCL Productions,Lighting Listing,www.sclproductions.com
"AFM Productions, Inc.",Lighting Listing,www.afm-prod.com
"Premier Production Services, Inc.",Lighting Listing,www.ppslighting.com
Zeo Productions ,Lighting Listing,www.zeoproductions.net
"Satin Sound Systems, Inc.",Lighting Listing,www.satinsoundsystems.com
NJN Productions,Lighting Listing,www.njnproductions.com
Spotrental US,Lighting Listing,www.spotrental.com
Star Design Lighting Inc.,Lighting Listing,www.stardesignlighting.com
"Star Design Lighting, Inc.",Lighting Listing,www.stardesignlighting.com
Mid Atlantic Event Group,Lighting Listing,www.MAEGAV.com
Duttera Sound Service/Lighting Division,Lighting Listing,www.dutterasound.com
Events Staging,Lighting Listing,www.eventsstaging.com
Events Staging,Lighting Listing,www.eventsstaging.com
Conservation Lighting International Ltd,Lighting Listing,www.glassfiberroptics.net
Dyventive Inc,Lighting Listing,www.dyventive.com
IMS Audio Visual,Lighting Listing,www.ims-av.com
"KS Professional Services, LLC",Lighting Listing,www.ksps.co
Louis Capet XXVI Laser Light Shows,Lighting Listing,www.LaserLightShow.org
Mid Atlantic FX,Lighting Listing,www.midatlanticfx.com
Philadelphia Theatrical Supply,Lighting Listing,www.PTSonline.biz
Pro Vision Productions,Lighting Listing,www.provp.com
Wiggle Productions LLC,Lighting Listing,www.wiggleproductions.com
APA Exposition Services,Lighting Listing,www.apaexpo.com
DCA Sound & Lighting /DCA Group,Lighting Listing,www.DCAgroupUSA.com
Hughie's Event Production Services,Lighting Listing,www.hughies.com
ILLUME Lighting + Event Design,Lighting Listing,www.illumepgh.com
J4 Event Systems,Lighting Listing,www.j4event.com
Karate Pinky Visual Design,Lighting Listing,www.karatepinky.com
Karate Pinky Visual Design,Lighting Listing,www.karatepinky.com
"North Pittsburgh Music, LLC",Lighting Listing,www.npghmusic.com
"Pittsburgh Stage, Inc.",Lighting Listing,www.pittsburghstage.com/
Three Rivers Entertainment & Production,Lighting Listing,www.3riversentertainment.com
Vincent Lighting Systems ,Lighting Listing,www.vls.com
Vincent Lighting Systems,Lighting Listing,www.vls.com
Rock Street Music Productions,Lighting Listing,WWW.RockStreetMusic.com
RSM Productions,Lighting Listing,www.rockstreetmusic.com
In the Mix Light and Sound LLC,Lighting Listing,www.inthemixlightandsound.com
Vision Technical Group,Lighting Listing,www.visiontechnicalgroup.com
Mike FINN Productions LLC,Lighting Listing,www.MikeFinnProductions.com
GP Audio,Lighting Listing,www.gpaudio.net
Advanced Staging Productions,Lighting Listing,www.advancedstaging.com
Advanced Staging Productions,Lighting Listing,www.advancedstaging.com
"Sparks Entertainment, LLC",Lighting Listing,www.sparksentertain.com
"Production Express, Inc.",Lighting Listing,www.proexp.com
Musique Xpress Lights,Lighting Listing,www.mxnpr.com
Max Lighting & Cases,Lighting Listing,www.maxlighting.com
Corporate Events Solutions,Lighting Listing,www.corporateeventssolutions.com
Lighting Design INC,Lighting Listing,www.lightingdesignpr.com/
Show Designers,Lighting Listing,www.showdesigners.com
Advanced Production and Design,Lighting Listing,www.apadonline.com
JDI Productions Inc.,Lighting Listing,www.jdiproductions.com
PMA Industries/Event Technology,Lighting Listing,www.pmaav.com
ATR/Treehouse,Lighting Listing,www.atrtreehouse.com
ATR/Treehouse,Lighting Listing,www.atrtreehouse.com
"High Output, Inc.",Lighting Listing,www.highoutputrhodeisland.com
"East Coast Lighting & Production Services, Inc.",Lighting Listing,www.eastcoastlighting.com
"High Output, Inc.",Lighting Listing,www.highoutputcharleston.com
PDA ,Production Design Associates,www.pdastage.com
Southern Lites,Lighting Listing,www.SouthernLites.com
Stage Front Production Services,Lighting Listing,www.stagefrontproductions.com
ACS Sound and Lighting,Lighting Listing,www.acsweb.com
"Advanced Video, Inc.",Lighting Listing,www.avi-sc.com
Stafford Lighting & Sound,Lighting Listing,www.staffordls.com
Event Illuminations,Lighting Listing,www.evtilluminations.com
Seriously Sound North,Lighting Listing,www.Greenvilleshows.com
Stormfront Productions Inc,Lighting Listing,www.stormfrontproductionsinc.com
Palmetto Sound Works,Lighting Listing,www.palmettosoundworks.com
Palmetto Sound Works,Lighting Listing,www.palmettosoundworks.com
"Vertical Media Productions, LLC",Lighting Listing,www.verticalmediaproductions.com
Absolute Productions,Lighting Listing,www.absolute-productions.com
Dakota Pro Audio Lighting & Stage LLC,Lighting Listing,www.dakotapro.com
DMM Systems,Lighting Listing,www.dmmsystems.com
All Pro Lighting and Sound,Lighting Listing,Www.allprolightingandsound.com
Wills Lighting & Stage,Lighting Listing,www.WillsLighting.com
GravelRoad Entertainment,Lighting Listing,www.gravelrd.com
Blue Nova Designs,Lighting Listing,www.bluenovadesigns.com
LABELIVE,Lighting Listing,www.labelive.com
Maxx Productions,Lighting Listing,www.maxx-tech.com
"OSA International, Inc.",Lighting Listing,www.osacorp.com
CESMG,Lighting Listing,www.cesmg.com
Lonely Dog Productions,Lighting Listing,www.thedawghouze.com
Parhelion Sound and Light,Lighting Listing,www.parhelionsoundandlight.com
Appalachian Light & Production,Lighting Listing,www.appylight.com
"Bandit Lites, Inc",Lighting Listing,www.banditlites.com
Limelite Design Service,Lighting Listing,www.limelitedesignservice.com
TERI Productions,Lighting Listing,www.TERIproductions.com
True Grip & Lighting,Lighting Listing,www.truegrip.tv
"Bandit Lites, Inc",Lighting Listing,www.banditlites.com
Elevated Audio Productions,Lighting Listing,www.eapnashville.com
Memphis Lighting,Lighting Listing,www.memphislighting.com
"Moonshine Lighting, Inc.",Lighting Listing,www.moonshinelightinginc.com
"Essential Audio, Inc.",Lighting Listing,www.essentialaudioinc.com
44 Designs,Lighting Listing,www.44designs.com
4Wall Entertainment Lighting ,Nashville,www.4wall.com
Adv. Events by West Bielstein Production Services,Lighting Listing,www.westbielstein.com
"Allstar Audio Systems, Inc.",Lighting Listing,www.allstaraudio.com
Borealis Stage Lighting,Lighting Listing,www.BorealisStageLighting.com
Bradfield Company,Lighting Listing,www.bradfieldcompany.com
Brantley Sound,Lighting Listing,www.brantleysound.com
Chris Lisle Lighting Design,Lighting Listing,www.clldllc.com
Christie Lites Nashville,Lighting Listing,www.christielites.com
Elite Multimedia,Lighting Listing,www.elitemultimedia.com
"Event Sound Production, LLC.",Lighting Listing,www.eventsoundproduction.com
Extreme Lighting & Sound LLC,Lighting Listing,www.elsnashville.com
Interstate Lighting and Sound,Lighting Listing,www.interstatelight.com
"LMG, LLC.",Lighting Listing,www.lmg.net
Morris Light & Sound,Lighting Listing,www.experiencemorris.com/
NASHVILLE AUDIO VIDEO,Lighting Listing,www.NashvilleAudioVideo.com
Orange Thread Live,Lighting Listing,www.orangethreadlive.com
Premier Global Production Company Inc.,Lighting Listing,www.premierglobalproduction.com
ReelSound Productions,Lighting Listing,www.reelsoundlive.com
SES Nashville,Lighting Listing,www.specialeventservices.com
"StageLight Tennessee, LLC.",Lighting Listing,www.stagelight.com
"The Mitchell Group Production Services, LLC",Lighting Listing,www.tmgproduction.com
VER,Video Equipment Rentals,www.verrents.com
M & M Productions USA,Lighting Listing,www.mmproductionsusa.com
M & M Productions USA,Lighting Listing,www.mmproductionsusa.com
XII Productions,Lighting Listing,www.facebook.com/xiiproductions
Loud & Clear Productions,Lighting Listing,www.veryclearsound.com
DESIGN ONE PRODUCTIONS,Lighting Listing,www.DesignOneProductions.com
Audible Lighting,Lighting Listing,www.audiblelighting.com
"New Day Productions, LLC",Lighting Listing,www.newdaypro.com
"Big House Sound, Inc",Lighting Listing,www.bighousesound.com
Big Medicine Sound and Lighting,Lighting Listing,www.djarjuna.com
"FILO Productions, LLC.",Lighting Listing,www.filodesigns.com
Midnight Lighting,Lighting Listing,www.midnightlighting.com
Miller Pro AVL,Lighting Listing,www.millerproaudio.com
Olden Lighting,Lighting Listing,www.oldenlighting.com
Production Exchange,Lighting Listing,www.productionxchg.com
synaesthesiax,Lighting Listing,www.synaesthesiax.com
TexasStage,Lighting Listing,www.texasstage.com
Epicenter Productions,Lighting Listing,www.epicenterproductions.net
Deuce And A Half,Lighting Listing,www.deuceandahalf.com
Lighthouse Enterprises,Lighting Listing,www.lhe-multimedia.com
Barbizon Light of Texas,Lighting Listing,www.barbizon.com
D&H Stage Lighting,Lighting Listing,www.DHStageLighting.com
"Alford Media Services, Inc.",Lighting Listing,www.alfordmedia.com
Callisto Sound & Lighting,Lighting Listing,www.callistosound.com
Christie Lites Dallas,Lighting Listing,www.christielites.com
CommuniLux Productions,Lighting Listing,www.communilux.com
CommuniLux Productions,Lighting Listing,www.communilux.com
Crossfade Design,Lighting Listing,www.crossfadedesign.com
"Crossroads Audio, Inc",Lighting Listing,www.crossroadsaudio.com
Dallas Stage Right Llc,Lighting Listing,www.stage-right.com
"Gemini Light, Sound & Video",Lighting Listing,www.geminilsv.com
InLight Gobos,Lighting Listing,www.InLightGobos.com
J&S Audio Visual,Lighting Listing,www.jsav.com
"LMG, LLC.",Lighting Listing,www.lmg.net
Nomad Productions Inc.,Lighting Listing,www.nomadproductions.com
Onstage Systems,Lighting Listing,www.onstagesystems.com
Performance Audio & Lighting Systems,Lighting Listing,www.performancedfw.com
"Run, Jump, Fly..., Inc.",Lighting Listing,www.runjumpfly.com
Stage Right Audio,Lighting Listing,www.stage-right.com
Stalieco/Dallas Stage Lighting,Lighting Listing,www.dallasstagelighting.com
Tri-Hawk Media,Lighting Listing,www.Tri-HawkMedia.com
BCi ,"Baxter Controls, inc.",www.dmx2go.com
"Dripping Springs Power & Light, Inc.",Lighting Listing,www.dmx2go.com
Chameleon Concert Services,Lighting Listing,www.chameleonconcerts.com
H. B. Stage Productions,Lighting Listing,"www.hbstageproductions,com"
SRB Consulting & Design LLC,Lighting Listing,www.srbpro.com
Airstar America,Lighting Listing,www.airstar-light.us
Eagle AVL,Lighting Listing,www.eagleavl.com
Oliver Brothers Productions LLC,Lighting Listing,www.oliver-brothers.com
"Audio Visual Professional Group, Inc.",Lighting Listing,www.avprogroup.com
Backstage Sound Production,Lighting Listing,www.backstagesoundproduction.com
Bayou City Sound,Lighting Listing,www.bayoucitysound.com
Bright Star Productions,Lighting Listing,www.brightstarproductions.com
Data Display Audio Visual,Lighting Listing,www.ddav.com
"DRK Event Lighting, Inc.",Lighting Listing,www.drkeventlighting.com
"Karana Audiovisual Services, LLC",Lighting Listing,www.karana-audiovisual.com
LD Systems,Lighting Listing,www.ldsystems.com
Led Rentals Houston,Lighting Listing,www.ledrentalshouston.com
Peachstone ,Sound and Light,www.peachstone.com
Professional Sound and Acoustics,Lighting Listing,www.goprosound.com
Southern Sound & Lighting,Lighting Listing,www.southernsoundsys.com/
"Stage Directions, Inc.",Lighting Listing,www.stagedirections.com
Way Better Sound,Lighting Listing,www.WayBetterSound.com
Merestone,Lighting Listing,www.merestone.com
Professional Audio Concepts,Lighting Listing,www.professionalaudioconcepts.com
Miller Pro AVL,Lighting Listing,www.millerproaudio.com
Paragon Sound and Light,Lighting Listing,www.paragonsoundandlight.com
J&H LED,Lighting Listing,www.jandhled.com
Fitzco Sound,Lighting Listing,www.fitzcosound.com
Tradewind Sound & Lighting,Lighting Listing,www.treadewindsound.com
Time Matters Entertainment,Lighting Listing,www.timemattersentertainment.com
Interactive Entertainment Systems,Lighting Listing,www.interactiveesystems.com
Tradewind Sound & Lighting,Lighting Listing,www.tradewindsound.com
"BP Lighting, Sound & Video LLC",Lighting Listing,www.bp-lighting.com
LD Systems,Lighting Listing,www.ldsystems.com
Mega Systems Inc,Lighting Listing,www.mega.lighting
J&L Sound,Lighting Listing,www.jl-sound.com
J&L Sound,Lighting Listing,www.jl-sound.com
PMG Presentation Management Group LLC.,Lighting Listing,www.pmg-usa.com
Audio Visual Connection,Lighting Listing,www.AudioVisualConnection.com
Stage Show Productions LLC,Lighting Listing,www.stageshowproductions.com
Live Entertainment Design,Lighting Listing,www.LiveEntertainmentDesign.com
Trax AV,Lighting Listing,www.traxav.com
"Gamma Productions, LLC",Lighting Listing,www.gammaprod.com
ProSoundLive,Lighting Listing,www.facebook.com/ProSoundLive
Alliant Event Services,Lighting Listing,www.alliantevents.com
CAVLiS,Lighting Listing,www.cavlis.com
Oasis Stage Werks,Lighting Listing,www.oasis-stage.com
On Call AV,Lighting Listing,www.oncallav.com
Audio Visions,Lighting Listing,www.avpro.com
AV Productions,Lighting Listing,www.avpro.com
"CW StageWorks, LLC",Lighting Listing,www.cwstageworks.com
Show Works Audio Visual,Lighting Listing,www.showworksonline.com
CW Stage Works,Lighting Listing,www.cwstageworks.com
Dark Star Lighting & Production,Lighting Listing,www.darkstarlighting.com
Atomic Pro Audio,Lighting Listing,www.atomicproaudio.com
Atomic Pro Audio,Lighting Listing,www.atomicproaudio.com
AudionX,Lighting Listing,www.AudionX.com
Sound Vision,Lighting Listing,www.svav.com
Barbizon Capitol,Lighting Listing,www.barbizon.com
"Nomad Event Systems, Inc.",Lighting Listing,www.nomadsound.com
Red Label Productions,Lighting Listing,www.redlabelproductions.com
"Genesis Technology, LLC",Lighting Listing,www.genesistek.net
Artistic Concepts Group,Lighting Listing,www.artisticconceptsgroup.com
"Artistic Concepts Group, Inc.",Lighting Listing,www.artisticconceptsgroup.com
"National Events, LLC",Lighting Listing,www.nationaleventsllc.com
Blue Ridge A/V and Lighting,Lighting Listing,www.BRAVL.com
"Craftwork Sound and Productions, Inc.",Lighting Listing,www.craftworksound.com
Spotlight Express LLC,Lighting Listing,www.spotlightexpress.com
RoTech Sound Productions,Lighting Listing,www.rotechsound.com
"Wired 4 Sound, Inc.",Lighting Listing,www.wired4sound.com
Acuity Event Services,Lighting Listing,www.acuityav.com
Oasis Entertainment,Lighting Listing,www.oasisentertainmentdc.com
Lite-Tek Entertainment,Lighting Listing,www.LiteTekEnt.com
Wilmot Lighting Inc.,Lighting Listing,www.wilmotlighting.com
"Stage Sound, Inc.",Lighting Listing,www.stagesound.com
"JAKPROS, LLC",Lighting Listing,www.jakpros.com
"S&S Productions Services, LLC",Lighting Listing,www.sspro.co
HOV Sound and Lighting,Lighting Listing,www.hovsound.com
Nth Degree Creative,Lighting Listing,www.nthdegreecreative.com
Rhino Staging Northwest,Lighting Listing,www.rhinonet.com
AV Factory,Lighting Listing,www.avfactory.com
337 Beech St,Lighting Listing,www.prosoundguy.com
"Northwest Event Technology, LLC",Lighting Listing,www.nweventtechnology.com
"Audio Visual Management Solutions, Inc ",AVMS,www.avms.com
Blue Light LLC,Lighting Listing,www.bluelightproductionsllc.com
Christie Lites Seattle,Lighting Listing,www.christielites.com
David Productions,Lighting Listing,www.dpseattle.com
"Front Row Audio Visual Services, Inc.",Lighting Listing,www.frontrowaudiovisual.com
"Hollywood Lights, Inc.",Lighting Listing,www.hollywoodlights.biz
"Lackey Sound & Light, Inc.",Lighting Listing,www.LackeySound.com
"LMG, LLC",Lighting Listing,www.lmg.net
PNTA,Lighting Listing,www.pnta.com
R90 Lighting,Lighting Listing,www.r90lighting.com
STAGEWORKS,Lighting Listing,www.stageworks.net
The Production Network,Lighting Listing,www.tpnevents.com
"The Production Network, Inc.",Lighting Listing,www.tpnevents.com
Triamp Group,Lighting Listing,www.TriampGroup.com
Hero Event Support,Lighting Listing,www.heroeventsupport.com
"Houk Marketing, LLC",Lighting Listing,www.HoukMarketing.com
Silhouette Lights & Staging,Lighting Listing,www.silhouettelights.com
Total Chaos Productions,Lighting Listing,www.totalchaosproductions.com
West Coast Audio Visual,Lighting Listing,www.westcoast-av.com
AT Productions,Lighting Listing,www.atproductions.biz
Cascade Event Lighting,Lighting Listing,www.cascadeeventlighting.com
Just Right Productions,Lighting Listing,www.justright.productions
"486 Underground, LLC / RRDB Picture Studios",Lighting Listing,www.486underground.com
"Capital City Sound, LLC.",Lighting Listing,www.capcitysound.com
Electrum Productions,Lighting Listing,www.electrumproductions.com
ERG | Event Resource Group,Lighting Listing,www.ERG247.com
FC Production,Lighting Listing,www.fc-production.com
I.A.T.S.E. Local 22,Lighting Listing,www.iatselocal22.com/
Powersound Productions,Lighting Listing,www.facebook/powersoundproductions
United Sound & Electronics,Lighting Listing,www.unitedsound.net
"Event Production, LLC",Lighting Listing,www.eventproductionllc.com
KAUSE N EFEXX,Lighting Listing,WWW.MYSPACE.COM/AMANDAKUSHNER
Welsh Sound LLC,Lighting Listing,www.welshsound.com
Turner Stage Lighting,Lighting Listing,www.turnerstagelighting.com
Event Production Systems,Lighting Listing,www.eventproductionsystems.com
Eliminator Audio Productions,Lighting Listing,www.eliminatoraudio.com
Advanced Audio Systems,Lighting Listing,www.advancedaudiosystems.com
CPS Sound,Lighting Listing,www.cpssound.com
"M3 Sound, Lighting & Staging",Lighting Listing,www.m3sls.com
Lighthouse Productions,Lighting Listing,www.lighthouseproductionswi.com
Lighthouse Productions,Lighting Listing,www.lhprod.com
Sonic M.D. LLC,Lighting Listing,www.sonicmd.net
SOUND1 Productions,Lighting Listing,www.sound1productions.net
Event Head Productions LLC,Lighting Listing,www.eventhead.com
Interstate Sound ,"a division of Commercial AV Systems, LLC",www.interstatesound.com
Designlab Wisconsin,Lighting Listing,www.designlab-chicago.com
Full Compass Systems,Lighting Listing,www.fullcompass.com/rentals.php
Intellasound Productions,Lighting Listing,www.intellasound.com
Sticha Brothers,Lighting Listing,www.stichabros.com
Wisconsin Dells Party Rental,Lighting Listing,www.WisconsinDellsPartyRental.com
ERP Productions,Lighting Listing,www.erpllcinfo.com
Acme Corp. Production Services,Lighting Listing,www.theacmecorp.com
Badger Sound and Lighting Co.,Lighting Listing,www.badgersound.com
Clearwing Productions Wisconsin,Lighting Listing,www.clearwing.com
Lake Geneva Party Rental,Lighting Listing,www.LakeGenevaPartyRental.com
"Logan Productions, Inc.",Lighting Listing,www.loganproductions.com
Midwest Theatrics,Lighting Listing,www.midwesttheatrics.com
Studio Gear LLC,Lighting Listing,www.studiogear.net
Sven Pro Sound,Lighting Listing,www.svenpro.com
Miles Pro A/V,Lighting Listing,www.milesproav.com
"Soundhog Productions, LLC",Lighting Listing,www.SoundhogProductions.com
TTUNES Productions,Lighting Listing,www.ttunespro.com
Sound Decision Productions,Lighting Listing,www.sounddecisionproductions.com
Blizzard,Lighting Listing,www.blizzardpro.com
"Majic Productions, Inc",Lighting Listing,www.majicpro.com
CABS,Lighting Listing,www.caboservices.com.mx
DRAX Produktion,Lighting Listing,www.draxproduktion.com
LIGHTSHOW,Lighting Listing,www.lightshow.com
AVP Mexico,Lighting Listing,www.avpinc.net
Christie Lites Calgary,Lighting Listing,www.christielites.com
Mediaco The Presentation Company ,Calgary,www.mediaco.ca
NPG Inc.,Lighting Listing,www.neroproductions.com
Orange Frog Productions Inc.,Lighting Listing,www.orangefrogproductions.ca
"Allstar Show Industries, Inc.",Lighting Listing,www.allstar-show.com
Christie Lites Edmonton,Lighting Listing,www.christielites.com
Briere Production Group Inc,Lighting Listing,www.briereproductiongroup.com
Briere Production Group Inc,Lighting Listing,www.briereproductiongroup.com
Briere Production Group Inc.,Lighting Listing,www.briereproductiongroup.com
Christie Lites Vancouver,Lighting Listing,www.christielites.com
Epic Production Technologies ,Vancouver,www.epicpt.com
Innovation Lighting,Lighting Listing,www.innovationlighting.net
PWG Lighting Services,Lighting Listing,www.pwglightingservices.net
Go Audio Incorporated,Lighting Listing,www.goaudio.ca
Vivid Lighting Solutions,Lighting Listing,www.vividlightingsolutions.com
Northwest Global Entertainment Ltd.,Lighting Listing,www.nwge.ca
Sound Advice Productions,Lighting Listing,www.soundadvice.bc.ca
Clark's Audio Visual Services Ltd.,Lighting Listing,www.clarksav.com
Eventpower,Lighting Listing,www.eventpower.ca
HollyNorth Production Supplies Ltd.,Lighting Listing,www.hollynorth.com
Innovation Lighting,Lighting Listing,www.innovationlighting.net
Mediaco The Presentation Company ,Vancouver,www.mediaco.ca
Rocky Mountain Production Services Ltd.,Lighting Listing,www.rmps.ca
Tantalus Productions Inc.,Lighting Listing,www.tantalusproductions.com
D.L.Sound & Lighting Ltd.,Lighting Listing,www.dlsound.net
Event Service Production,Lighting Listing,www.eventservice.ca
Pacific Audio Works,Lighting Listing,www.pacificaudio.com
Sharp's Audio-Visual,Lighting Listing,www.sharpsav.com
Christie Lites Winnipeg,Lighting Listing,www.christielites.com
Epic Production Technologies ,Winnipeg,www.epicpt.com
Trinity Sounds Inc,Lighting Listing,www.trinitysounds.com
Christie Lites Halifax,Lighting Listing,www.christielites.com
Tour Tech East Ltd.,Lighting Listing,www.tourtecheast.com
Showworks Productions Inc,Lighting Listing,www.showworks.ca
Blast Productions,Lighting Listing,www.blastproductions.ca
Hiretech Systems Limited,Lighting Listing,www.hiretechsystems.com
Straight Street Event Services,Lighting Listing,www.straightst.com
Soundbox Productions,Lighting Listing,www.soundboxpro.com
Pierce Sound ,Lighting Listing,www.piercesound.com
"Production Design International, Inc.",Lighting Listing,www.pdifx.com
"Artech Communications, Inc.",Lighting Listing,www.artechcommunications.com
"RentalPoint Software, Inc.",Lighting Listing,www.rentp.com
Metalworks Production Group,Lighting Listing,www.metalworksproductiongroup.com
Stage-It Inc,Lighting Listing,www.stageitinc.com
Newmarket Theatre,Lighting Listing,www.newmarkettheatre.ca
BSS Productions,Lighting Listing,www.bssproductions.com
Christie Lites Ottawa,Lighting Listing,www.christielites.com
"Fleet Pro Sound & Lighting, Inc.",Lighting Listing,www.fleetsound.com
FMAV,Lighting Listing,www.fmav.ca
Bartnes & Associates,Lighting Listing,www.bartnes.com
Bold Productions,Lighting Listing,www.boldtoronto.ca
Christie Lites Toronto,Lighting Listing,www.christielites.com
MEDIACO Inc. ,Toronto,www.mediaco.ca
Midnite Hour Productions,Lighting Listing,www.midnitehour.ca
Moss LED Inc.,Lighting Listing,www.mossled.com
RPM Lights Inc.,Lighting Listing,www.rpmlights.com
The Source Shop,Lighting Listing,www.sourceshop.com
Westbury National Show Systems Ltd.,Lighting Listing,www.westbury.com
Points East Audio Visual Inc.,Lighting Listing,www.peisoundandlights.ca
Erikson Pro/Erikson Audio,Lighting Listing,www.eriksonpro.com
Productions SMP,Lighting Listing,www.productionssmp.com
Specs Groupe Media,Lighting Listing,www.specs-av.com
Auvitec Limited,Lighting Listing,www.auvitec.ca
Expert'ease Productions,Lighting Listing,www.expertease.ca
Kloda Focus Group,Lighting Listing,www.kloda.com
Lumin-ART Productions Inc.,Lighting Listing,www.lumin-art.com
Ranger Son Eclairage,Lighting Listing,www.monshow.ca
The Berger Group,Lighting Listing,www.groupeberger.com
Le Groupe Spectre Sonore,Lighting Listing,www.spectresonore.com
"Duoson Multimedia, Inc.",Lighting Listing,www.duoson.com
Pro AV ,Professional Audio Visual Ltd.,www.proavltd.com
Pro AV ,Professional Audio Visual Ltd.,www.proavltd.com
ShowState,Lighting Listing,www.show-state.co.uk
Barbizon UK,Lighting Listing,www.barbizon.com
Coloured Rain Lighting & Visuals,Lighting Listing,www.crlv.co.uk
Dazl Media,Lighting Listing,www.dazlmedia.com
ShowState,Lighting Listing,www.show-state.co.uk
HPSS Ltd,Lighting Listing,www.hpss.co.uk
ShowState,Lighting Listing,www.show-state.co.uk
ShowState,Lighting Listing,www.show-state.co.uk
ShowState,Lighting Listing,www.show-state.co.uk
Trace Lighting,Lighting Listing,www.tracelighting.com
Paul Movies,Lighting Listing,www.paulmovies.com
Goa Audiovisual Pvt Ltd,Lighting Listing,www.goaaudiovisual.com
Acoustic Control Pvt Ltd,Lighting Listing,www.acousticcontrol.com
Helios Event Productions,Lighting Listing,www.facebook.com/HeliosEventProductions
Roskilde Light Production,Lighting Listing,www.r-l-p.dk
Forefront Productions ALV Pty Ltd,Lighting Listing,www.ffp.com.au
Live Productions,Lighting Listing,www.liveproductions.com.au
Gosling Productions,Lighting Listing,www.goslingproductions.com
Event Equipment,Lighting Listing,www.eventequipment.com.au
South West Solutions,Lighting Listing,www.s-w-s.com.au
Trio A. V. Pte Ltd,Lighting Listing,www.trioav.com
LIVE4 Viva,Lighting Listing,www.live4viva.com
Trio Asia Pacific Ltd,Lighting Listing,www.trioav.com
REAL SERVICE,Lighting Listing,www.realservice.it
SGM Technology for Lighting spa,Lighting Listing,www.sgmtechnologyforlighting.com
AVL PRODUZIONI SOC. COOP.,Lighting Listing,www.avlproduzioni.it
A.V.L PRODUZIONI S.C.,Lighting Listing,www.avlproduzioni.it
Eldra,Lighting Listing,www.eldra.hr
3BM Events,Lighting Listing,www.3bmevents.com
Trio A.V. Pte Ltd,Lighting Listing,www.trioav.com
"Topic Light Co.,Ltd",Lighting Listing,www.topiclight.com
Creative Technology,Lighting Listing,www.ctasiapacific.com
imagine shanghai ltd,Lighting Listing,www.imagine-ap.com
JLD Productions,Lighting Listing,www.jldproductions.com
TriTec AV,Lighting Listing,www.tritecav.com
ADB-TTV Technologies N.V./S.A.,Lighting Listing,www.adblighting.com
Trio Brunei,Lighting Listing,www.trioav.com
FAMUSIQUE-LUMINANCE,Lighting Listing,www.famusique.com
Buenos Aires Live Show,Lighting Listing,www.baliveshow.com
EventstagePRO,Lighting Listing,www.eventstagepro.co.kr/
hvb av rental & staging Spain,Lighting Listing,www.hvbonline.es
BlackstoneFilmCompany,Lighting Listing,www.blackstonefilm.com
GUIL S.L.,Lighting Listing,www.guil.es
Equipson S.A.,Lighting Listing,www.equipson.es
e:cue lighting control,Lighting Listing,www.ecue.com
GOBOCOMPANY,Lighting Listing,www.gobocompany.com
Bros Technic,Lighting Listing,www.brostechnic.com
